趙炳菜肉餛飩小吃店,臺北市中正區桃源街5號1樓,121.5084003150064,25.041905983
清真黃牛肉麵館,臺北市中正區延平南路23號1樓,121.50856231500657,25.04566888
金菓園小吃店,臺北市中正區博愛路160巷9號1樓,121.50852571500637,25.041768983
有佳小吃店,臺北市大同區長安西路53巷6號1樓,121.51538641500672,25.05103348
阿興小吃店,臺北市中山區南京東路1段132巷21號,121.52494331500654,25.051089283
上嘉食品行,臺北市中山區長春路89之1號1樓,121.52649151500673,25.05496378396
新長春餐館,臺北市中山區中山北路2段36巷5號1樓,121.51993771500666,25.05436388
松青素食館,臺北市中山區錦西街4之1號1樓,121.5199214150068,25.0601499839
圓重羊肉爐小吃店,臺北市中山區民權東路2段135巷31號1樓,121.5329353150068,25.064292083
豬小寶食品行,臺北市中山區興安街118號1樓,121.54116521500669,25.05590308
九記小吃店,臺北市中山區長春路104號1樓,121.52587191500663,25.0547626839
恆園小吃店,臺北市中山區興安街116號1樓,121.5410900150067,25.055892683
湖田橋小吃店,臺北市北投區竹子湖路29之1號,121.5691483150093,25.183939983
超群冬粉小吃,臺北市北投區永興路1段21號1樓,121.49763671500838,25.139148483
鳳凰薑母鴨店,臺北市北投區崇仁路1段29號1樓,121.49920431500814,25.1275920839
山園餐館,臺北市北投區竹子湖路20之1號,121.54544881500878,25.15570618
水尾青菜園餐飲,臺北市北投區竹子湖路55之11號,121.53090881500913,25.17670748
頂湖小鎮小吃店,臺北市北投區竹子湖路68號,121.53791141500898,25.17720738
林益全小吃店,臺北市北投區明德路168號,121.51875411500775,25.111045683
鏵江川菜館,臺北市萬華區環河南路2段201號,121.48954381500624,25.032143783
杏味早餐店,臺北市中正區延平南路230巷5號,121.5048527150062,25.033975383
湖南鳳凰小館,臺北市松山區光復北路11巷69號,121.55830101500659,25.050203683
吳記毛肚火鍋店,臺北市松山區八德路4段145號,121.5601843150066,25.0487898839
順發號蚵仔煎,臺北市信義區吳興街269巷5號1樓,121.5623173150061,25.027245983
黃佳群商店,臺北市南港區研究院路2段70巷35號1樓,121.61187031500641,25.04562408
呅呅食品行,臺北市南港區舊庄街1段88號1樓,121.61690181500637,25.04070898
大頭土雞城餐廳,臺北市文山區指南路3段38巷18之2號,121.58544661500495,24.96865848
康迪麥小吃店,臺北市文山區木柵路2段80號1樓,121.55751241500549,24.988624383
鼎盛企業社,臺北市文山區景華街128巷27號1樓,121.54574941500547,24.99492138
雙橡園茶坊,臺北市文山區指南路3段38巷33之6號,121.5889797150049,24.9667808840
山中茶坊,臺北市文山區指南路3段38巷33號,121.58851531500486,24.967103884
正大休閒茶館,臺北市文山區指南路3段38巷臨33之5號,121.58629467513117,24.968002936
茗華園茶坊,臺北市文山區指南路3段40巷32之1號,121.59880871500494,24.97028218
相逢居茶坊,臺北市文山區指南路3段40巷12號,121.59297331500493,24.96826198
寒舍茶坊,臺北市文山區指南路3段40巷6號,121.59512031500492,24.96742998
春茶鄉茶坊,臺北市文山區指南路3段38巷30號,121.58426521500498,24.966346884
名傳切仔麵店,臺北市北投區石牌路2段183號,121.51607831500792,25.11866258
瑞安自助餐店,臺北市大安區瑞安街208巷22號(1樓).20號(1樓),121.5382996150062,25.028635083
闔家小館,臺北市大安區仁愛路4段122巷49號1樓,121.5481217150063,25.034590883
谷爹吐司坊,臺北市大安區臨江街132號,121.55154621500624,25.030247583
林園粗食小吃店,臺北市大安區龍泉街25號,121.52728881500613,25.02445908
福儐小吃店,臺北市大安區和平東路3段232號,121.55250971500597,25.022049183
成都老么牛肉麵店,臺北市大安區復興南路1段340巷26號,121.5403060150063,25.03600248397
忠孝四海豆漿大王,臺北市大安區忠孝東路3段217巷2弄2號1樓,121.5377002150064,25.0422559839
釣以清心餐飲店,臺北市大安區仁愛路4段300巷25弄9號1樓,121.55270431500625,25.03594728
卡帕卡巴小吃店,臺北市士林區基河路臨131號,121.51310207136025,25.03512932
花滿蹊行,臺北市南港區研究院路2段34巷14號,121.61211451500651,25.04692208
貝玉飲食店,臺北市萬華區西寧南路70號地下一層之9、地下一層之10,121.50369731500652,25.04350808
珍味飯店,臺北市萬華區成都路18號1樓西門市場第3賣店,121.5007077251371,25.042873485
采芝樓餐廳,臺北市信義區永吉路274號及274號2樓及276號2樓,121.57185311500649,25.04542558
麗山漢堡早餐店,臺北市內湖區內湖路1段629巷40弄2號,121.57439691500728,25.08210708
蘇美芳鮮花店,臺北市南港區忠孝東路7段613號1樓,121.61313371500667,25.05324718
維綸麵食館,臺北市中正區汀州路3段279號1樓,121.53333201500593,25.012421783
賽門甜不辣小吃店,臺北市萬華區西寧南路95號1樓,121.5046123150064,25.0453319839
信忠實業社,臺北市中正區惠安街17號1樓,121.50454291500617,25.0296249839
湖安川菜館,臺北市內湖區環山路1段7號1樓,121.56347551500727,25.082909783
海之香小館,臺北市內湖區內湖路1段591巷2號1樓,121.57096761500709,25.08127078
老周胖子餃子館,臺北市內湖區內湖路1段427號1樓,121.56941141500725,25.081525283
四季補小吃店,臺北市內湖區瑞光路3號,121.58198281500692,25.06915758
貝貝餐盒,臺北市大安區通安街53號1樓,121.55117721500615,25.03115718
恩揚小吃店,臺北市士林區中正路391號1樓,121.51924631500758,25.094046983
新安國際企業社,臺北市士林區天母西路41巷5之1號,121.5250797150079,25.119133183
新生商行,臺北市大安區新生南路1段103之4號,121.5310010150064,25.040571883
辣四川成都小炒店,臺北市文山區景興路166號1樓,121.54207801500544,24.993152883
昂揚商行,臺北市大安區基隆路2段221號10樓之1,121.548974815006,25.02280968397
福來優豆食品舖,臺北市松山區八德路3段225號3樓之6,121.55483231500648,25.04825498
騰森企業行,臺北市內湖區內湖路1段91巷55號3樓之2,121.56012791500743,25.088801783
小象牙丸商行,臺北市大安區新生南路1段161之3號,121.5308355150063,25.0345224839
查爾斯餐廳,臺北市松山區延壽街115號,121.56290581500674,25.0570706839
丼饌美食坊,臺北市內湖區港墘路54號,121.57589561500706,25.08177468
黑潮雅客飲食舖,臺北市士林區華齡街186號,121.51755731500731,25.087648483
大小二馬滷味店,臺北市大安區信義路3段23之1號1樓,121.53918671500625,25.03319058
景興麵食館,臺北市文山區景興路135號,121.54270701500552,24.994232283
柳葉涮涮鍋,臺北市大同區寧夏路67號1樓,121.51307731500673,25.058375683
立泰小吃店,臺北市信義區和平東路3段363號1樓,121.554916515006,25.0203552839
美方琪食坊,臺北市萬華區環河南路2段5巷11號,121.49622361500639,25.03962728
老外一品牛肉麵,臺北市中山區吉林路403號,121.52841131500696,25.065954983
青松小吃店,臺北市內湖區麗山街348巷19號,121.57160741500721,25.08186248
慈軒園素食店,臺北市松山區延吉街59號,121.55164361500641,25.04483358
囍饕小吃店,臺北市萬華區漢口街2段34巷2號,121.50507701500639,25.04536168
葉嘉美食小館,臺北市中正區汀州路2段207號,121.5203391150061,25.023688883
味覺義廚館,臺北市士林區天母北路2之1號1樓,121.52391501500793,25.11887908
老永舜日式料理店,臺北市文山區興隆路1段269號,121.54217531500557,24.999137983
味巧小吃店,臺北市大安區通化街265號,121.55028071500608,25.025777383
林記美食站,臺北市文山區指南路2段65號,121.57259861500532,24.987931783
拉亞樂漢堡店,臺北市大同區敦煌路28號,121.51722551500701,25.075256183
和楓食堂,臺北市士林區前港街12號,121.52053221500711,25.08461418
楓食堂日式創作料理店,臺北市中山區興安路44號,121.54812287132715,25.03514164
故鄉扁食小舖,臺北市松山區民權東路3段160巷15號,121.54561191500672,25.060583383
松日日式料理店,臺北市中山區林森北路104號1樓,121.5226494150067,25.05074328396
玖美飯包店,臺北市南港區南港路1段191號,121.60975671500675,25.055124083
美鳳紅麵線店,臺北市大安區忠孝東路4段181巷7弄3號,121.54868441500639,25.04214108
新鮮吧美食店,臺北市南港區南港路1段163號,121.61105291500658,25.055299583
馥鍋日式涮涮鍋,臺北市大同區重慶北路3段181號1樓,121.51180531500698,25.06919688
立碁商行,臺北市松山區八德路4段36巷8號,121.5568989150066,25.04744548396
御金軒小吃店,臺北市萬華區峨眉街6巷4號1樓,121.50555571500645,25.043160283
四方居餐坊,臺北市士林區天母西路5巷4弄4號1樓,121.52684341500797,25.11916588
蘇家肉圓油粿店,臺北市萬華區三水街109號,121.49877421500628,25.03615158
竹湖快炒店,臺北市北投區竹子湖路55之1號,121.53090881500913,25.17670748
大橋頭油飯,臺北市大同區民權西路186之1號,121.51264801500693,25.06278318
紘意小館,臺北市大安區樂利路13號,121.54907831500623,25.02810068
峻愿得意餐飲店,臺北市萬華區艋舺大道384號,121.49257841500622,25.031365883
阿迪仔小吃店,臺北市南港區研究院路2段7號,121.61342231500653,25.04681588
喬記小吃店,臺北市內湖區金龍路143號,121.58766341500724,25.08609308
協昌小吃店,臺北市大安區安東街50之7號,121.54034461500639,25.042752983
廖柏棟涼麵專賣店,臺北市大安區通化街151號,121.55182211500626,25.028708883
亓家蒸餃店,臺北市松山區南京東路5段123巷4弄3號,121.55879231500667,25.05239718
松山小吃店,臺北市信義區松山路540巷1號,121.57580231500643,25.037639883
佳美美而美早餐店,臺北市松山區富錦街358號,121.55579141500691,25.06043698
葉阿鳳葱燉牛肉麵,臺北市大安區和平東路2段118巷54弄1號,121.54050391500598,25.02206418
豆香坊,臺北市松山區南京東路5段23巷15弄1號,121.55570781500673,25.05301928
德卡伯咖啡館,臺北市中山區遼寧街146號,121.53979441500658,25.053859583
尚月中華時尚料理店,臺北市中山區松江路194巷4號1樓,121.53045971500664,25.05703348
後驛鵝肉店,臺北市大同區長安西路220巷29號,121.51241611500663,25.050669283
安琪兒早餐屋,臺北市士林區通河街72號1樓,121.5184503150072,25.080809283
鮮蓓早餐店,臺北市松山區撫遠街379巷1號1樓,121.56373841500688,25.064421583
米蘭飲料店,臺北市中正區延平南路157巷2號,121.50581191500625,25.03524028
福岡屋小吃店,臺北市內湖區內湖路1段323巷6號1樓,121.56572771500728,25.082989483
金頂小吃店,臺北市內湖區內湖路2段386號1樓,121.58917971500725,25.082726583
貴秀小吃店,臺北市中正區杭州南路1段93號,121.52334691500644,25.03886028
彭記傳統美食店,臺北市信義區永吉路30巷177弄1號,121.56666451500631,25.04167508
龍記搶鍋麵館,臺北市中正區衡陽路84巷6號1樓,121.50874131500645,25.04213998
日惹企業社,臺北市文山區興隆路2段220巷41號,121.54996201500563,25.000132383
黃記美味燒臘店,臺北市信義區信義路6段108號,121.57568731500625,25.035879983
奕盛小吃店,臺北市信義區忠孝東路5段627號,121.57710031500636,25.041828983
小溫州大餛飩,臺北市信義區吳興街104號,121.55866901500619,25.030350883
小廚房複合式早餐店,臺北市大同區酒泉街19號,121.51733841500692,25.07072948
盛宴時尚美食餐館,臺北市大安區忠孝東路4段223巷10弄6號,121.55101751500644,25.04201148
華江自助餐店,臺北市萬華區長順街6號1樓,121.48825991500621,25.03144838
華登小吃店,臺北市中正區博愛路9號地下1樓,121.50932101500645,25.04666788
鮮味自助餐,臺北市松山區光復北路170號,121.55437161500662,25.05326548
三號場老芋小吃店,臺北市北投區竹子湖路37之5號,121.53124851500905,25.172266083
蔣記家薌麵,臺北市大安區四維路208巷18之1號,121.54483261500607,25.026301583
金臻小吃店,臺北市信義區虎林街222巷53號,121.57371331500636,25.036242883
陳伯的店,臺北市大同區民權西路144巷14號,121.51367991500679,25.0619937839
老李牛肉麵,臺北市中山區吉林路383號,121.52829621500685,25.06536318
真鶴小吃店,臺北市北投區大興街57號,121.49823501500816,25.13063908
陽明小吃店,臺北市大同區延平北路3段156號,121.50860641500702,25.06823558
王國雄商行,臺北市萬華區內江街7號公有西門市場56號攤位,121.50460471500641,25.0416978839
余木通商行,臺北市萬華區內江街21號公有西門市場48號攤位,121.5041672150064,25.0416892839
佳輝小吃店,臺北市大安區雲和街93號1樓,121.52894531500606,25.023332883
蘇俊賢商行,臺北市萬華區成都路10巷63號公有西門市場第31號攤位,121.50420481500643,25.042233483
大堤弁當店,臺北市內湖區內湖路1段285巷8弄2號,121.56384791500727,25.08283898
愛染餐廳,臺北市中山區林森北路145巷43號,121.52448871500671,25.05117368
連萬龍商行,臺北市萬華區西寧南路179號西門市場第33號攤位,121.51310207136025,25.03512932
北方麵食館,臺北市文山區興隆路1段238號,121.54173791500553,24.99919328
龔秀卿商行,臺北市萬華區成都路10巷41號公有西門市場20號攤位,121.50440531500642,25.0422049839
陳智清商行,臺北市萬華區成都路10巷59號公有西門市場29號攤位,121.50421331500638,25.042242983
慧芝商行,臺北市萬華區成都路10巷57號西門公有市場第28號攤位,121.50401631500651,25.04180998
方紹楨商行,臺北市萬華區內江街29之6號公有西門市場39號攤位,121.49787072513713,25.042138385
石清秀商行,臺北市萬華區內江街17號公有西門市場51號攤位,121.5041672150064,25.0416892839
艾莉絲美食坊,臺北市文山區萬寧街183號5樓,121.5672636150057,25.004278383
牡丹小吃店,臺北市萬華區成都路10巷43號西門市場21號攤位,121.50438731500643,25.0422094839
金昌吉小吃店,臺北市中山區吉林路319號,121.52824991500677,25.06364808
蕙鮨壽司店,臺北市松山區敦化北路155巷110號,121.5504237150066,25.054344383
風谷餐廳,臺北市中山區林森北路133巷55號,121.52499801500663,25.050747383
睿騏漢堡店,臺北市大同區昌吉街37號1樓,121.5144459150068,25.065993583
富滿堂豬腳極品專賣店,臺北市內湖區內湖路1段285巷10號,121.56402881500729,25.08278708
真好吃小吃店,臺北市文山區木新路3段107號,121.5602873150053,24.981976783
池田麵店,臺北市文山區景興路202巷17號2樓,121.54098581500548,24.99185058
大龍林家麵店,臺北市大同區大龍街268號,121.51358721500694,25.070717183
野薑花的店,臺北市大安區市民大道4段18號,121.54253921500647,25.044677483
哲安鯊魚麵店,臺北市中山區遼寧街27號,121.54014631500655,25.047943883
多味堂小吃店,臺北市大安區樂業街45號,121.54789761500592,25.02265788
麗珠小吃店,臺北市內湖區康寧路3段165巷12號,121.60967801500692,25.070864283
玖肆貳餐坊,臺北市萬華區雙園街68號,121.4916134150062,25.030131683
閃亮之星小吃店,臺北市文山區興隆路3段239號1樓,121.55694931500551,24.993200883
長壽三好庵餐坊,臺北市松山區南京東路3段256巷20弄1號,121.5426234150065,25.0508168839
伊馨小館,臺北市中山區伊通街65號,121.5327448150067,25.0515612839
松林美而美早餐店,臺北市大安區延吉街154號,121.5526885150064,25.03956808396
三三活力早餐店,臺北市文山區木新路3段122號,121.55989991500526,24.98214108
宜津商行,臺北市內湖區江南街130號1樓,121.5732891150071,25.0761901839
小義城美食店,臺北市松山區八德路4段709巷2之3號,121.57476041500655,25.050473983
恩花園小吃店,臺北市內湖區內湖路1段591巷10弄1之2號1樓,121.57082341500711,25.08163918
永騰企業社,臺北市士林區文林路340之1號1樓,121.52346041500743,25.093214983
七喜小吃店,臺北市中山區中原街20號1樓,121.52652201500673,25.056673183
小棧餐坊,臺北市松山區民生東路3段130巷6號1樓,121.54388691500675,25.05682278
如昌豆漿店,臺北市文山區忠順街1段119號1樓,121.55770391500535,24.984320483
佳珍自助餐店,臺北市文山區忠順街2段9號1樓,121.56025181500527,24.98475398
泰讚小吃店,臺北市中正區信義路2段285號2樓,121.53022931500635,25.033841983
上頂豬腳飯館,臺北市中山區松江路362巷42號1樓,121.52931651500673,25.06191028
春喜碳火燒肉店,臺北市大安區復興南路2段156號1樓,121.54105351500614,25.02798488
陶屋小吃店,臺北市萬華區康定路25巷42號,121.50244901500643,25.04355328
香香小吃店,臺北市士林區延平北路6段89號1樓,121.50632451500742,25.08819278
福皇宴港式美食小館,臺北市大安區四維路206號,121.545718815006,25.0264353839
四維自助餐店,臺北市文山區木新路3段309號1樓,121.55483641500507,24.98056148
阿伯蛋包麵店,臺北市萬華區雙園街88號1樓,121.4908990150063,25.0307575839
森小館小吃店,臺北市信義區忠孝東路4段559巷18號1樓,121.56155501500643,25.04240208
沅緣小吃店,臺北市中正區沅陵街13號2樓,121.50987231500643,25.04290398396
君一排骨專賣店,臺北市松山區敦化北路155巷2號1樓,121.54790131500668,25.054436983
李景魁早餐店,臺北市文山區興隆路3段112巷2弄33號1樓,121.55375811500562,24.9995468839
秀真快餐店,臺北市內湖區內湖路1段323巷1弄2號1樓,121.56611841500724,25.08321618
天天倈小吃店,臺北市中山區南京東路1段132巷13號1樓,121.52508951500656,25.05136128
新天堂義大利麵廚房,臺北市大安區師大路59巷8號,121.5267991150061,25.023824683
稻之鄉清粥自助餐店,臺北市士林區社正路47號,121.50757981500729,25.08897228
小草廚房,臺北市士林區忠誠路2段70巷16號1樓,121.52773061500788,25.11164478
驛站小吃店,臺北市中山區遼寧街128巷1號1樓,121.53969911500667,25.05343348
老哥水餃館,臺北市中山區錦州街247號,121.53187851500675,25.060463983
富凱小吃店,臺北市萬華區和平西路3段198號,121.49490721500628,25.035183483
蘭陽土鵝肉店,臺北市松山區南京東路5段72號1樓,121.55885211500656,25.05125958
惠群餐廳,臺北市中山區林森北路138巷10號1樓,121.52269921500657,25.05148908
呂守崑早餐店,臺北市文山區興隆路2段244巷22號1樓,121.5510725150056,25.0002050839
中華餡餅粥小吃店,臺北市萬華區昆明街211號1樓,121.50192161500634,25.0388956839
華鈴清茶館,臺北市大同區民權西路308之1號1樓,121.50787561500685,25.06288798
富登餐廳,臺北市中山區復興北路48號地下室,121.54157941500657,25.049542983
廷羽小吃店,臺北市大安區通化街47號1樓,121.55213451500624,25.03072678
崟瑞行,臺北市中山區新生北路2段68巷11之2號,121.52458281500671,25.056452883
鼎岳工程企業社,臺北市大同區太原路112號1樓,121.5135613150066,25.052735983
和泰自助餐店,臺北市內湖區內湖路1段591巷6號1樓,121.57099091500723,25.08133498
庭如餐館名店,臺北市內湖區港墘路70號1樓,121.57570531500728,25.08114898
禾豐小吃店,臺北市松山區敦化北路165巷3號1樓,121.54801871500668,25.054877883
紅亞鍋燒小吃店,臺北市松山區延壽街395號1樓,121.55523401500673,25.056503983
林記小南門排骨店,臺北市中正區中華路2段39巷4號,121.5048925150063,25.03489398397
永利小吃店,臺北市大同區大龍街196號,121.51366081500696,25.06940508
世心早餐店,臺北市文山區木柵路1段73號,121.54430121500528,24.986997983
貴隆餐館,臺北市萬華區貴陽街2段122號,121.50033151500637,25.039946783
陳春葉早餐店,臺北市大同區延平北路2段174號1樓,121.50920201500675,25.058425683
元氣小吃店,臺北市士林區天母東路50巷20之13號1樓,121.53097831500783,25.117447983
永旺美食坊,臺北市大安區和平東路2段271號1樓,121.54198161500614,25.025044183
彩逸樓餐飲店,臺北市中山區南京東路1段120號地下1樓,121.52221068076886,25.05533484
鹿港美食小吃店,臺北市內湖區文德路210巷30弄14號1樓,121.5823885150071,25.077251683
阿蘭小吃店,臺北市大安區光復南路280巷25號1樓,121.55414411500644,25.03968478
金九龍商行,臺北市士林區中正路235巷8號,121.52387081500756,25.094680583
橘色涮涮屋火鍋店大安分店,臺北市大安區大安路1段135號,121.54405521500644,25.03872438
千樺行,臺北市松山區光復北路28號1樓,121.5554482150066,25.0492397839
日暮里小吃店,臺北市大安區大安路1段220巷3號1樓,121.54369711500635,25.034338083
賞音茶坊,臺北市中正區博愛路122號4樓之1,121.50920631500642,25.0433609839
米之屋小吃店,臺北市松山區三民路113巷6號1樓,121.56055981500685,25.05814548
東晶企業商行,臺北市萬華區西園路2段342號1樓,121.48964391500606,25.02561568
金麟早餐店,臺北市內湖區金湖路411號1樓,121.60236331500703,25.07316588
民治小火鍋店,臺北市松山區三民路101巷2號1樓,121.56113791500671,25.057504683
豬腳張小吃店,臺北市大同區民族西路296號,121.50887811500697,25.068531783
華翠小吃店,臺北市萬華區長順街1號1樓,121.49053891500613,25.03020818
菘山冰品店,臺北市信義區松山路119巷36號1樓,121.57760531500658,25.047360983
千樂商行,臺北市信義區和平東路3段345號1樓,121.55458671500591,25.02065228
冰可冷飲店,臺北市中正區紹興南街4號之10、1樓,121.52259221500653,25.04372478
錦西早餐店,臺北市大同區錦西街88之1號,121.51676741500668,25.06017298
佳記食品行,臺北市中山區民生西路45巷9弄27號1樓,121.51951381500689,25.05910968
宏業早餐店,臺北市士林區社子街47號1樓,121.50526631500736,25.08760808
香津園小吃坊,臺北市內湖區民權東路6段90巷25弄5號,121.58425321500684,25.067452683
雲和泰小吃坊,臺北市松山區南京東路5段250巷3之5號1樓,121.5636152150066,25.0505523839
川品小吃店,臺北市大安區復興南路1段107巷41號1樓,121.5438749150065,25.043655983
八集鍋貼店,臺北市松山區八德路3段221號,121.55468671500653,25.04826768
牛董牛肉麵食坊,臺北市北投區西安街1段369號1樓,121.51279811500784,25.11459778
欣雅冰品店,臺北市信義區永吉路278巷19號,121.5720937150066,25.044775383
南台灣小吃店,臺北市南港區玉成街138號1樓,121.58101611500656,25.04500338
香天下牛肉麵店,臺北市北投區知行路317號,121.464852115008,25.1224242839
親來商行,臺北市大安區和平東路2段118巷52弄14號1樓,121.54012561500606,25.02228938
小愉村平價快炒店,臺北市中正區中華路2段311巷19號,121.50393791500609,25.028779083
歐式吃吃看美食名坊,臺北市士林區中山北路6段772號1樓及2樓,121.52638851500792,25.11608618
甘家小吃店,臺北市內湖區康寧路3段189巷4號,121.61013571500698,25.07002828
利旺工商服務社,臺北市中正區南昌路1段59巷15號,121.51532441500616,25.031164183
一家川菜小館,臺北市中正區中華路2段305巷15號1樓,121.50328331500619,25.02942728
張大媽小吃店,臺北市松山區市民大道5段125號1樓,121.56121731500653,25.047752883
加味小吃店,臺北市松山區北寧路8號1樓,121.55058061500665,25.04864138396
四芳小吃店,臺北市中山區一江街31號1樓,121.52942661500657,25.053352183
佶利飲食坊,臺北市北投區中和街431號1樓,121.49561651500844,25.143904283
韓江館小吃店,臺北市中正區羅斯福路3段316巷9弄6號1樓,121.52975461500591,25.01566828
永續咖啡館,臺北市大安區忠孝東路4段170巷6弄5號2樓,121.54778821500642,25.040975583
米可企業社,臺北市內湖區環山路2段125號,121.5742116150074,25.0840709839
第一劇場魚丸店,臺北市松山區八德路4段96號1樓,121.55852571500652,25.04838188
泰雅軒舍,臺北市內湖區內湖路1段437巷18號,121.57010811500717,25.08230788
鋒典小吃店,臺北市中山區新生北路1段168號1樓,121.52527861500658,25.051605583
千翔美食餐坊,臺北市中山區吉林路176之1號1樓,121.52786451500671,25.057217883
壯圖早餐店,臺北市中山區遼寧街261號1樓,121.54007511500669,25.056564983
村笠自助餐店,臺北市南港區研究院路2段45號1樓,121.61384101500659,25.044660183
皆大歡喜素食店,臺北市中山區民生東路2段135號1樓,121.53019701500666,25.058150183
東方美早餐店,臺北市內湖區康樂街147號1樓,121.61717291500702,25.071767483
秀羽素食自助餐店,臺北市內湖區港墘路41號,121.57627551500714,25.081998183
馥記小吃店,臺北市士林區德行西路60之1號1樓,121.52064761500762,25.105116183
韓華屋小吃店,臺北市中正區南昌路1段96號1樓,121.51541551500617,25.030508683
村亭小吃店,臺北市中山區中山北路1段105巷11號2樓,121.52066791500661,25.053806683
北倉洞小吃店,臺北市中山區長安東路2段169之7號,121.53928031500664,25.04843388
祥龍自助餐店,臺北市中山區民生西路45巷3弄21號1樓,121.51934111500674,25.05803978
華珍燒臘快餐店,臺北市內湖區民權東路6段56巷33號,121.58373911500689,25.06726558
麵皮厚小吃店,臺北市文山區興隆路2段42號1樓,121.54388731500556,24.99878488
容盈商行,臺北市松山區八德路4段53號1樓,121.55739311500656,25.048493883
大鑼鼓餐飲店,臺北市中正區中華路2段307巷7號,121.50329621500622,25.029009383
雲集小吃店,臺北市內湖區民權東路6段76號,121.58328031500696,25.06869258
福生園韓式快餐店,臺北市中山區興安街53之2號,121.53945511500675,25.05617818
心頌餐坊,臺北市中正區懷寧街35號3樓,121.51206401500653,25.044890683
侃忞速食店,臺北市中山區大直街46巷1號1樓,121.54406631500719,25.08219908
社正小吃店,臺北市士林區社正路38號1樓,121.50778411500727,25.08876208
宇棟鵝肉擔小吃店,臺北市北投區明德路313號1樓,121.51846281500788,25.115283883
旻旭小吃店,臺北市中山區中山北路2段36巷3號,121.52001601500676,25.05442648
朝華行,臺北市松山區敦化北路165巷15號,121.54871111500668,25.054931183
中研臭臭鍋店,臺北市南港區研究院路2段3之8號1樓,121.61366641500646,25.04746408
良益碗粿小吃店,臺北市士林區福港街109號1樓,121.51598991500738,25.08848688
田湘園小說出租店,臺北市松山區復興北路427巷18號1樓,121.54340091500681,25.06323318
芳家餐廳,臺北市大安區信義路4段136號,121.54768001500625,25.03306408
可可園早餐店,臺北市大安區羅斯福路3段251號1樓,121.527947315006,25.0191869839
希劍牛肉麵舖子,臺北市內湖區成功路4段212號1樓,121.59370531500727,25.08456048
祥雲客家小館,臺北市松山區南京東路5段23巷9弄4號1樓,121.55573731500668,25.05271288
新光饗喫麵餐坊,臺北市文山區新光路1段29號1樓,121.57172551500538,24.98933608
呷尚飽餐飲店,臺北市中山區天祥路6號1樓,121.51870311500676,25.060649583
家園北方小吃館,臺北市內湖區行善路25巷1弄15號1樓,121.57457001500683,25.056800683
珍贊小吃店,臺北市士林區至誠路2段23號1樓,121.52755481500753,25.10203058
尚介青小吃店,臺北市中正區中華路2段311巷16號,121.50400011500622,25.02854058
楓橋涮涮鍋店,臺北市內湖區金湖路360號1樓,121.60198011500714,25.073716783
湯品小吃店,臺北市中正區寧波西街87號之3(1樓),121.51345751500611,25.02997738
豪門海產店,臺北市大同區大龍街156號1樓,121.51364701500702,25.06797998
極鮮食品行,臺北市文山區指南路2段127號1樓,121.57463151500545,24.98757198
潘蜜拉義麵舖,臺北市士林區天玉街2號1樓,121.52448051500798,25.119821583
佳順自助餐店,臺北市松山區八德路3段12巷5弄18號1樓,121.54905681500671,25.04760018
頤園素食小館,臺北市內湖區內湖路1段91巷6號,121.55937851500725,25.084855983
丼之家餐坊,臺北市松山區民生東路4段82號1樓,121.55094611500674,25.05784488
小蜜蜂豆花專賣店,臺北市中山區合江街14號,121.53679431500663,25.05503398
圓環頂小吃店,臺北市大同區涼州街1之16號1樓,121.51319961500684,25.061162983
山東老王豆漿店,臺北市內湖區成功路4段338號,121.59720471500725,25.08491358
正義川菜餐廳,臺北市萬華區康定路25巷39之1號,121.50243671500647,25.04370468
一心小吃店,臺北市北投區大同街43號1樓,121.49659611500822,25.133234883
小樂沙茶火鍋店,臺北市萬華區西寧南路90巷3號,121.50351521500649,25.04217868
函香雲南坊,臺北市松山區南京東路3段335巷5之1號,121.54530681500657,25.052496283
小文小吃店,臺北市中山區民生東路1段86號,121.52466751500671,25.0578749839
立農快餐店,臺北市北投區公館路423巷12號之1,121.50139631500804,25.120141183
阿榮小吃店,臺北市中正區重慶南路1段13號1樓、開封街1段29號1樓,121.50874238076564,25.04520799
阿誠小吃店,臺北市信義區忠孝東路4段559巷16弄7號1樓,121.56182901500642,25.04243528
長旺燒臘店,臺北市北投區實踐街20號1樓,121.50585751500802,25.114889883
靖安美食坊,臺北市中山區八德路2段269號1樓,121.53929261500647,25.047182583
天饌齋小吃店,臺北市信義區松德路247號1樓,121.57263251500638,25.034299083
九二刀削麵館,臺北市松山區三民路154號,121.56112771500683,25.061254883
永俐餐飲店,臺北市松山區撫遠街304號1樓,121.56409261500673,25.06157798
阿根早點店,臺北市內湖區金湖路3號1樓,121.59295711500727,25.08387228
玲記小吃店,臺北市內湖區金湖路17號1樓,121.59331611500716,25.08346408
冠品小吃店,臺北市北投區中央北路3段13號,121.48397041500839,25.13812088
荔星舫餐坊,臺北市文山區興隆路1段112號1樓,121.5391627150057,25.00257468398
韓味韓式豆腐鍋店,臺北市中山區農安街245號1樓,121.52324181500677,25.06486468
北台灣第一香小吃店,臺北市士林區延平北路5段148號1樓,121.50827501500723,25.082455083
輝旺旺燒臘店,臺北市大安區安居街2號1樓,121.55303101500598,25.02142028
堡蒂早餐店,臺北市萬華區長順街26號1樓,121.48767871500623,25.031761383
活醉蝦小吃店,臺北市信義區松山路515巷2弄19號,121.57703331500625,25.03825098
東富樓美味小吃店,臺北市中正區羅斯福路2段10號1樓,121.51863111500612,25.028872783
廣成小吃店,臺北市大安區杭州南路2段73號1樓,121.51989281500623,25.029183983
金雞排骨店,臺北市萬華區寶興街47號,121.49140531500613,25.027282883
劉山東小吃店,臺北市中正區開封街1段14巷2號1樓,121.51157151500651,25.04571488
御美來來涼麵店,臺北市內湖區康樂街73號,121.61641691500688,25.068972383
阿芬食品行,臺北市信義區光復南路417巷219號,121.55840761500626,25.036880283
美濃現作刀切牛肉麵館,臺北市大同區西寧北路19之2號,121.50656451500672,25.05270388
加貝爾廚藝餐坊,臺北市中山區北安路837號,121.55509021500723,25.084728983
亞宏食坊,臺北市北投區中和街242號1樓,121.49919131500833,25.13953098
東陽飯包店,臺北市大同區長安西路232號1樓,121.51222431500668,25.05139438
好聚會海鮮小吃,臺北市北投區大同街349號,121.49717441500842,25.14111878
佳味香小吃店,臺北市萬華區西寧南路70號地下之22,121.5043223150065,25.045194983
億群餐廳,臺北市萬華區三水街106巷2號1樓,121.49638071500631,25.036084283
芳琳小吃店,臺北市內湖區內湖路1段311號1樓,121.56534111500724,25.08233528
旺旺鋪雙人煮商店,臺北市大安區忠孝東路4段97號4樓,121.54580031500645,25.041779683
伍柒玖牛肉麵店,臺北市信義區吳興街245號1樓,121.56136841500611,25.02735788
分水嶺音樂餐坊,臺北市大安區文昌街123號1樓,121.54977991500616,25.03278818
布查花園餐飲店,臺北市大安區金華街199巷1弄1號1樓,121.52602931500617,25.030376883
公園餡餅粥小吃店,臺北市信義區虎林街164巷19號,121.57350741500633,25.03881338
慶貓餐廳,臺北市中山區林森北路159巷44號,121.52435701500652,25.05146578
錦香陳家涼麵店,臺北市松山區南京東路5段123巷29號1樓,121.5584684150066,25.0527947839
希臘左巴小吃店,臺北市大安區羅斯福路3段283巷7弄16號1樓,121.52877651500597,25.018813883
吉園葡小吃店,臺北市北投區竹子湖路26號,121.53680831500918,25.178430983
京園素食館,臺北市中山區松江路330巷22號1樓,121.52992721500678,25.061098883
育珊燒腊店,臺北市內湖區內湖路1段437巷4弄8號1樓,121.5698289150072,25.0812488839
鼎工小吃坊,臺北市松山區敦化北路155巷11號1樓,121.54824771500677,25.05418608
草山文化溫泉餐廳,臺北市北投區行義路260巷1號,121.52681531500824,25.136336983
欽豪商行,臺北市大安區復興南路2段151巷37號,121.54301561500624,25.02851128
新富小吃店,臺北市大安區安和路2段186號1樓,121.54787711500606,25.02493928
元素飲食坊,臺北市中山區農安街35之1號1樓,121.52317521500693,25.064994483
香玲飲酒店,臺北市萬華區廣州街223巷7號1樓,121.4967898150064,25.0369951839
阿才商行,臺北市北投區磺港路18號,121.50017281500813,25.13310718
榮震小吃店,臺北市南港區忠孝東路5段801號1樓,121.57979631500643,25.04464998
我的義大利義式餐坊,臺北市松山區敦化北路50巷19號1樓,121.54547991500668,25.050556483
亨奇食品器具行,臺北市北投區明德路277號1樓,121.52014861500793,25.114845283
伊億通小吃店,臺北市中山區伊通街66之4號1樓,121.53241691500658,25.052689183
伊通麵館,臺北市中山區伊通街41之1號1樓,121.5326948150066,25.0508753839
好菜場担擔麵,臺北市文山區興隆路1段225號1樓,121.54834311500574,25.00143918
九震餐館,臺北市中山區雙城街21號地下1樓,121.5221736150069,25.0657960839
良美鵝肉小吃店,臺北市南港區忠孝東路6段294號,121.58743061500651,25.04916748
池鄉快餐店,臺北市中正區中華路2段385號,121.5056148150061,25.026342883
金芳客家小館,臺北市松山區南京東路5段250巷2弄5號1樓,121.56421481500665,25.050880683
諾貝爾美食店,臺北市大安區敦化南路1段329巷10號1樓,121.54691411500609,25.03426598
二子山拉麵部屋,臺北市士林區中山北路6段738號,121.5259699150079,25.1154391839
金鱻蝦捲店,臺北市文山區興隆路2段197號,121.54740641500567,25.00089348
金葉雲南小館,臺北市松山區八德路2段366巷45弄3號1樓,121.54397181500656,25.04648348
老溫大餛飩麵店,臺北市文山區興隆路3段112巷1號,121.55512931500552,24.9988924839
林家南港炒牛肉店,臺北市南港區興東街7之1號,121.61062131500677,25.055737783
萬美全自助餐店,臺北市萬華區康定路189號1樓,121.49940201500627,25.036415683
風雅築養生舒活館,臺北市中正區青島東路4之7號1樓,121.51926541500653,25.04387488
巷子義大利麵鋪,臺北市松山區民生東路5段144巷4號,121.55969831500678,25.05847098
蕭記小吃店,臺北市大同區延平北路3段77號1樓,121.50889731500683,25.066934983
泓億小吃店,臺北市中山區興安街78之13號1樓,121.53914281500683,25.05600018
貝斯特咖啡館,臺北市內湖區瑞光路76巷47號,121.57845881500707,25.070351183
頂香早餐店,臺北市萬華區昆明街297之5號,121.50131331500641,25.03596718
韓中小吃店,臺北市大安區忠孝東路4段181巷50號1樓,121.54859781500645,25.04436098
喝坐棧小吃店,臺北市士林區大北路28號1樓,121.52410161500738,25.08990718
建國小吃店,臺北市大安區建國南路1段350號1樓,121.53524081500618,25.03424998
阿輝鵝肉小吃店,臺北市大安區和平東路3段308巷28號,121.553486315006,25.0198716839
佳香全自助餐店,臺北市大同區延平北路3段25號1樓,121.50906541500679,25.06437998
陳記專業麵線店,臺北市萬華區和平西路3段166號,121.4960282150062,25.03515698397
府城排骨飯館,臺北市大安區富陽街138號1樓,121.55457221500602,25.01894368
十二燒小吃店,臺北市大安區延吉街62巷6弄2號1樓,121.55164491500648,25.043621583
翔贊小吃店,臺北市北投區竹子湖路31之1號,121.53675181500891,25.170769783
金菠蘿複合餐坊,臺北市士林區天母東路8巷27之5號,121.53014731500791,25.116972983
凱紅小吃店,臺北市中山區中原街127號1樓,121.52690621500675,25.063806383
民生泰小吃店,臺北市松山區北寧路36號1樓,121.55058381500662,25.04947318
青島排骨小吃店,臺北市中正區青島東路3之3號1樓,121.52392211500653,25.043058083
呆呆煲小吃店,臺北市士林區德行東路190巷3號1樓,121.52905521500766,25.10832748
和記小吃店,臺北市士林區天母東路8巷27之1號,121.53014731500791,25.116972983
雙連鵝肉小舘,臺北市大同區民生西路171巷2號,121.51503991500675,25.05741008
好吉米餐盒店,臺北市內湖區環山路1段63號,121.56602951500732,25.08630188
金英小吃店,臺北市士林區天母東路8巷27之7號1樓,121.53014731500791,25.116972983
傳統阿婆甜不辣店,臺北市大安區延吉街131巷41號1樓,121.55355781500647,25.042964183
五福小吃店,臺北市萬華區萬大路322巷78號,121.49604651500609,25.024586983
遠億小吃店,臺北市北投區裕民一路40巷7號1樓,121.51576531500791,25.11628548
香港富記燒臘店,臺北市士林區德行東路127號1樓,121.52675711500771,25.108016583
河岸留言音樂咖啡屋,臺北市中正區羅斯福路3段244巷2號地下層,121.52912461500587,25.017089183
好味屋小吃店,臺北市內湖區瑞光路277號1樓,121.57460531500713,25.07548798
民芳小吃店,臺北市松山區三民路139號1樓,121.56089671500686,25.06054798
茗人茶坊,臺北市士林區通河街139號,121.51880801500715,25.08092078
漢奇肉羹店,臺北市北投區光明路56號,121.4977471150082,25.132732683
樂華小吃店,臺北市內湖區內湖路1段591巷6號,121.57099091500723,25.08133498
源味軒小吃店,臺北市內湖區金龍路75號,121.59004531500725,25.08529598
續緣軒,臺北市萬華區三水街137號1、2樓,121.49567901500637,25.03621688
青軒餐坊,臺北市大安區安和路2段8號1樓,121.55006111500617,25.032570283
秉豐企業社,臺北市萬華區峨眉街28號5樓,121.50464131500637,25.04343388
戀的回憶小吃店,臺北市萬華區西寧南路70號地下12、13,121.50374546500649,25.04353403
葉味香企業社,臺北市中正區北平西路6號9樓之6,121.5174067150065,25.0470298839
第一早餐店,臺北市中正區林森南路2之1號1樓,121.52079421500645,25.04433098
北投老又新牛肉麵店,臺北市內湖區成功路4段204號,121.59335121500725,25.08449698
自生食堂,臺北市大安區建國南路1段198號,121.53510871500642,25.0400114839
巴黎布雷斯特麵包坊,臺北市大安區金華街243巷25號,121.52810201500621,25.03099388
愛知味小吃店,臺北市中正區牯嶺街28號,121.51399771500613,25.03028088
巧果子美食坊,臺北市士林區美崙街78號1樓,121.51975251500751,25.097113783
一心麵店,臺北市大安區杭州南路2段61之24號1樓,121.52009431500612,25.03024988
黃記魯肉飯小吃店,臺北市中山區中山北路2段183巷28號,121.52191651500694,25.06367268
花果喫茶坊,臺北市松山區南京東路3段335巷21之6號1樓,121.54635691500671,25.05383608
麥亨堡早餐店,臺北市中山區松江路23號之3、1樓,121.53102031500653,25.04691898
大中華粥麵館,臺北市中山區長安東路2段129巷5號,121.5338726150066,25.04896928396
人人素食麵館,臺北市中山區一江街56號1樓,121.52920241500667,25.05431348
福珍小吃店,臺北市大同區華陰街42之13號1樓,121.51371871500662,25.050089183
有志壹同小吃店,臺北市信義區吳興街284巷20弄26號1樓,121.56061521500614,25.025068183
愛加倍小舖,臺北市文山區萬美街1段19巷5之1號1樓,121.56646831500566,25.00193798
黃永發商店,臺北市萬華區三水街90號1樓,121.49842411500634,25.036075983
香佳鯕魚米粉湯店,臺北市萬華區廣州街152巷6號,121.49833521500632,25.0363002839
留連小吃店,臺北市大安區復興南路1段253巷15號1樓,121.54205211500636,25.03687208
寶島肉圓店,臺北市文山區羅斯福路5段136號,121.53659671500574,25.005897683
鯕魚丸小吃店,臺北市中山區興安街51之4號1樓,121.53915621500674,25.05629688
和瑞安豆漿店,臺北市大安區瑞安街69號1樓,121.53925031500619,25.028552983
盧記上海小吃店,臺北市中山區民生東路2段115巷5號,121.52950421500671,25.058365683
鑫鮮魚丸店,臺北市士林區福德路25號1樓,121.52292441500744,25.0920293839
包饌小吃店,臺北市文山區福興路60巷4號,121.54836101500565,25.00369248
開元企業社,臺北市北投區清江路245巷26號,121.50023881500823,25.126064883
品季水餃專賣店,臺北市中正區汀州路3段143號1樓,121.52891931500592,25.016047383
天母林岡山羊肉店,臺北市士林區德行東路109巷35號,121.52606601500776,25.10879438
固鄉小吃店,臺北市士林區士東路266巷5弄12號1樓,121.53508681500796,25.112360983
劍潭肉圓王小吃店,臺北市士林區承德路4段12巷38號1樓,121.5180607150071,25.08050178395
金沙塔小吃店,臺北市大安區忠孝東路4段216巷40弄4號,121.5505679150064,25.039368283
佳家早餐店,臺北市北投區大同街288號1樓,121.49731701500848,25.140777383
乃文小吃店,臺北市中山區遼寧街73號1樓,121.54011051500656,25.0493421839
麵線大王小吃店,臺北市北投區大興街107號1樓,121.5004178150082,25.130982783
水中鮮小吃店,臺北市內湖區成功路4段305、307號1樓,121.5941462150072,25.0843735839
橘果綜合咖啡餐坊,臺北市中正區延平南路171巷6之1號1樓,121.50578531500625,25.03463318
徠北港小吃店,臺北市大同區平陽街44號,121.51315341500668,25.055324683
山葡萄牛奶埔藥燉小店,臺北市萬華區桂林路118號1樓,121.49718741500632,25.038349483
豪園燒臘店,臺北市中正區濟南路2段62巷3號,121.53012921500634,25.04001488
林胖子牛肉麵店,臺北市萬華區東園街16號,121.49340991500617,25.027596183
夢幻幾何泡沫紅茶坊,臺北市南港區中坡北路18號,121.57928831500654,25.04485298
正浩早餐店,臺北市文山區忠順街1段141號1樓,121.55852281500539,24.98446178
全之鄉飲食店,臺北市中山區天津街29號1樓,121.52051691500648,25.048702883
工農漢堡店,臺北市信義區忠孝東路5段236巷12號1樓,121.56955931500637,25.03996998
光輝早點小吃店,臺北市萬華區西園路1段242號1樓,121.49587431500623,25.03209188
香品美食號,臺北市萬華區長泰街1號1樓,121.49926501500607,25.02296508
永春精緻早餐店,臺北市信義區虎林街82巷84號1樓,121.57333331500658,25.04326528
七國小吃店,臺北市北投區北投路2段7號,121.49707531500815,25.13048698
永春素食店,臺北市信義區虎林街82巷22號1樓,121.57451411500642,25.043226483
貴妃小吃店,臺北市北投區裕民一路40巷17號地下樓,121.51568851500792,25.11579508
上和小吃店,臺北市南港區重陽路160號1樓,121.59859581500666,25.05708668
龍緣小吃店,臺北市大同區重慶北路2段17號1樓,121.5122777150067,25.054706783
大馬肉骨茶小吃店,臺北市信義區莊敬路325巷43之1號1樓,121.56257831500614,25.029143183
發現生活園藝休閒花園,臺北市北投區竹子湖路35之1號,121.53133131500903,25.171817883
辣鴛鴦火鍋小吃店,臺北市大安區信義路4段335巷3號1樓,121.55402851500628,25.033627883
日尚企業社,臺北市中正區忠孝東路2段104號1樓,121.52856281500648,25.04266728
阡品可口美漢堡店,臺北市中正區紹興北街10之1號1樓,121.52315571500661,25.045558083
亞亞餐坊,臺北市萬華區東園街156號1樓,121.495632915006,25.02280678397
八斗子小吃店,臺北市內湖區環山路1段96號,121.56552551500734,25.08652248
郁婷越式小館,臺北市中正區中華路2段393號1樓,121.50580991500611,25.026196883
齒留香湯包專賣店,臺北市信義區虎林街132巷43號1樓,121.5731170150065,25.0402065839
米拉親子生活館,臺北市中正區中華路2段75巷18號1樓,121.50456691500627,25.033547383
天和德豆漿店,臺北市信義區虎林街82巷20號1樓,121.57457831500639,25.043204383
大家好港式粥粉麵飯小吃店,臺北市松山區八德路4段245巷50之1號1樓,121.56214741500646,25.050338483
黃金咖哩小吃店,臺北市信義區松山路538號之1，1樓,121.5758374150063,25.037867883
奉茶美食館第一分館,臺北市中山區中山北路1段140巷6之1號2樓,121.52066791500661,25.053806683
九金快餐店,臺北市士林區克強路2號1樓,121.52266141500772,25.10890488
熊記小吃店,臺北市中正區羅斯福路2段126號1樓,121.52049231500614,25.02608188
奉茶美食館第二分館,臺北市中山區中山北路1段140巷6號1樓,121.52041371500671,25.056326683
先定味小吃店,臺北市中山區錦州街25號1樓,121.52309601500677,25.060417283
泰之泰小館,臺北市大安區光復南路290巷29號1樓,121.55414301500636,25.03927638
萬佳鄉複合式早餐店,臺北市南港區興中路26號1樓,121.60494891500682,25.055389183
田緣小吃店,臺北市大安區東豐街2號1樓,121.5419255150063,25.0359187839
虹品鍋貼水餃專賣店,臺北市中正區牯嶺街41之3號1樓,121.51424641500613,25.030223083
美滿小吃店,臺北市松山區延壽街87號1樓,121.56476361500668,25.0572531839
歌王咖啡飲料館,臺北市松山區新中街9號,121.55831761500674,25.057645083
歡喜金仙小吃店,臺北市中山區錦州街453號,121.54121071500681,25.060310983
鴻力商行,臺北市文山區景華街76號,121.54298001500547,24.99504728
鵝大媽小吃店,臺北市文山區景興路235號10樓之1,121.54154311500554,24.991234383
避難所小吃店,臺北市大安區敦化南路1段236巷36號2樓,121.54635991500645,25.04044478
圓環頂香菇肉羹,臺北市南港區同德路49號,121.58245181500646,25.04559688
活悅小吃店,臺北市士林區中山北路5段505巷34號1樓,121.52458251500742,25.092980883
朱媽媽精緻美食店,臺北市大安區敦化南路1段270巷22號,121.5462016150063,25.0368265839
九龍港式燒腊餐廳,臺北市松山區八德路3段213號1樓,121.55450201500648,25.048229283
吉將實業社,臺北市松山區復興北路369號9樓之3,121.5425276150069,25.0626922839
左賀食堂,臺北市北投區知行路293巷9弄7號,121.46470581500809,25.12162718
大姊麵店,臺北市信義區永吉路30巷178弄2號,121.56537881500647,25.041478283
五二七美食店,臺北市松山區南京東路4段133巷8弄2號,121.55275331500663,25.053023883
金盃早餐店,臺北市中山區龍江路410號,121.53869531500689,25.06751998
富億小吃店,臺北市內湖區內湖路1段437巷6號,121.56994251500718,25.08195678
日瑞商行,臺北市松山區敦化北路244巷39號,121.54530991500678,25.061018083
省錢大作站生活百貨行,臺北市信義區虎林街132巷12號,121.57430951500639,25.04040508
海峰商行,臺北市中正區延平南路224號,121.50515771500626,25.034194883
美儷坊,臺北市中山區新生北路2段137巷61號1樓,121.52742881500679,25.06132438
小魚兒小吃店,臺北市北投區義理街10號,121.5129075150079,25.116040283
長春四神湯店,臺北市中山區吉林路132號,121.52780151500671,25.05526348
金梅花小吃店,臺北市南港區昆陽街157巷15號,121.59251651500655,25.05004708
呷寶寶早餐店,臺北市萬華區莒光路212號,121.49870531500625,25.031338983
漾漾餐坊,臺北市中山區中山北路2段65巷19之1號1樓,121.52216191500672,25.05712538
阿丁小吃店,臺北市北投區實踐街70號,121.50801121500785,25.115160083
二五九池上飯包店,臺北市中山區松江路259巷2號1樓,121.53162281500681,25.059469883
阿慶美食坊,臺北市大安區安和路2段34號,121.5500264150062,25.03161808397
二條通飲食店,臺北市中山區中山北路1段33巷1號,121.52063851500661,25.05269238
牛霸小吃店,臺北市北投區北投區公館路13號,121.5005571150082,25.133350383
麵癡食坊,臺北市內湖區內湖路1段285巷23號,121.56480081500729,25.08304668
水木林藝品輕食店,臺北市信義區景雲街22號,121.571585415006,25.0193801839
白帝城川式滷味,臺北市中正區水源里羅斯福路4段136巷8號,121.53329351500584,25.01261328
阿文牛肉麵店,臺北市大安區羅斯福路3段17巷7號,121.5232627150061,25.0241714839
玉瀧谷綠菜園,臺北市北投區竹子湖路8之16號,121.53859161500912,25.178672783
艾萊克小吃店,臺北市中山區南京東路1段132巷5號1樓,121.52510431500671,25.051548683
緯大雞排店,臺北市松山區北寧路34號,121.55055301500661,25.04938048
府城鵝肉小吃店,臺北市信義區吳興街271號,121.56190961500606,25.0267798839
馬克夢想家營養早餐,臺北市士林區忠誠路2段130巷12號1樓,121.52943901500778,25.114381383
叁柒小吃店,臺北市中山區遼寧街37號1樓,121.54007541500653,25.048591383
歡樂購小吃店,臺北市內湖區內湖路1段411巷13號1樓,121.56902631500724,25.0822659839
大老爺私房菜館,臺北市中山區長春路348之6號1樓,121.53941791500665,25.05444888
金三福排骨小吃店,臺北市南港區忠孝東路7段615號,121.61313571500668,25.053275383
清香園坊,臺北市北投區竹子湖路54之1號,121.53234731500892,25.173995783
芳俞小吃店,臺北市大同區安西街37號,121.50787961500687,25.060124483
十四咖啡店,臺北市大安區仁愛路4段345巷4弄14號,121.55114401500646,25.03885138
捌捌小吃店,臺北市北投區大興街88號,121.50034271500823,25.130722483
西湖西式早餐店,臺北市內湖區內湖路1段285巷15號,121.56480501500722,25.08268338
長欣飲食坊,臺北市北投區中和街246號1樓,121.49912131500838,25.13959898
新光小吃店,臺北市松山區新東街9巷1號1樓,121.56367591500675,25.057992683
天椒小吃店,臺北市大安區復興南路2段84號,121.5410724150062,25.030861783
湧濬小吃店,臺北市士林區天母東路43巷4弄3號,121.53041541500792,25.11875828
天誠小吃店,臺北市中正區忠孝西路1段45號,121.51569781500653,25.04635858
穩鑫餐廳,臺北市中山區中山北路1段83巷22號,121.52063851500661,25.05269238
日品壽司小吃店,臺北市大安區市民大道4段136之3號,121.54941801500651,25.044266183
韓亭館烤肉飯,臺北市中山區大直街28號1樓,121.54410731500731,25.081572983
金家福燒臘店,臺北市內湖區內湖路1段65號,121.5580934150073,25.084984583
活力廚房小吃店,臺北市內湖區內湖路1段387巷3弄8號,121.56871051500713,25.082331783
心悅小吃店,臺北市大安區和平東路2段98之1號,121.53938351500612,25.024849983
江記排骨飯館,臺北市內湖區內湖路1段93之1號,121.55926721500728,25.08452328
史巴可義大利麵館,臺北市信義區吳興街53號,121.5581498150061,25.0311132839
瑞娟早餐店,臺北市中山區林森北路133巷58號,121.52467081500662,25.050634483
明川家企業社,臺北市松山區民生東路4段54號6樓之11,121.54888621500679,25.05771318
高巢餐坊,臺北市中山區林森北路85巷90號地下樓,121.52581041500656,25.04900418
陳家燒臘店,臺北市士林區士東路100號1樓士東市場第105號攤,121.52735931500787,25.11184238
椰子林溫泉會舘,臺北市北投區行義路269號,121.5255646150083,25.137624583
羅丹薩咖啡館,臺北市內湖區民權東路6段280巷11號,121.60297591500688,25.071854383
福好吃雞肉小吃店,臺北市松山區八德路4段289號,121.56387651500657,25.049221883
肥老闆羊肉羹麵店,臺北市中正區南陽街15之6號,121.51396901500647,25.04438248
奇謀小館,臺北市信義區松隆路8號1樓,121.56438331500644,25.042963283
本艾餐廳,臺北市中山區林森北路145巷44號,121.52438331500662,25.051089983
金寶小吃店,臺北市大同區民權西路245巷25號,121.50823541500684,25.06385748
歡喜魯肉飯小吃店,臺北市信義區吳興街156巷22弄2號,121.55853381500611,25.02867228
波奇餐坊,臺北市中山區中山北路1段83巷5之2號,121.52063851500661,25.05269238
榛品小吃店,臺北市內湖區港墘路88號,121.57531431500723,25.080605383
中村日光小料亭,臺北市大同區南京西路18巷6弄8號,121.51751031500662,25.051964983
伊歌複合式餐飲店,臺北市中山區雙城街32巷18號1樓,121.52082911500702,25.06616248
蘿絲瑪莉義麵坊,臺北市中山區南京西路12巷13弄9號,121.51972431500651,25.051714983
千微餐飲店,臺北市南港區興中路58號,121.60471741500679,25.05656738
往日情懷咖啡專賣店,臺北市士林區中山北路7段154巷7號1樓,121.53089461500795,25.12261928
緣緣小吃坊,臺北市北投區中央北路3段108號,121.48163711500844,25.13767438
台灣比特實業社,臺北市士林區士商路171號,121.51483911500763,25.09462808
一二六小吃店,臺北市北投區中央北路3段126號,121.48110411500829,25.13742848
品皇日式涮涮鍋店,臺北市大安區忠孝東路4段210之1號,121.55045431500632,25.04122498
將軍居酒屋,臺北市中山區林森北路145巷24號,121.52386231500654,25.051221383
大阪根丼屋,臺北市中山區松江路235巷35號,121.53275991500676,25.058929383
萬媽媽麵店,臺北市中山區林森北路133巷51號,121.52471211500657,25.05074108
松德早餐店,臺北市信義區松德路211號1樓,121.57262731500633,25.03519498
長季水餃專賣店,臺北市萬華區武昌街2段83之7號1樓,121.50294431500657,25.04525398
士德便當店,臺北市士林區福德路8號,121.5238093150074,25.0924979839
贏展小吃店,臺北市大同區大龍街241號,121.51378701500694,25.071140583
鑫鑫鋐素食坊,臺北市萬華區內江街48號1樓,121.50312731500645,25.041528983
名弘餐飲店,臺北市中正區南昌路1段74巷18之3號1樓,121.51490621500622,25.03105328
高馬克餐坊,臺北市松山區八德路3段12巷4弄5之1號1樓,121.54812901500657,25.047471383
品菓工坊,臺北市松山區復興北路313巷39號1樓,121.5445496150067,25.0590531839
大華小吃店,臺北市中山區遼寧街47號,121.5400835150066,25.0488394839
長晴小吃店,臺北市中山區錦州街394號,121.53906921500672,25.06007988
孝先小吃店,臺北市北投區裕民六路114巷25號,121.51613191500792,25.114403683
蜀國小吃店,臺北市中山區松江路64巷5號,121.53008121500653,25.04911718
拿里早餐店,臺北市內湖區麗山街348巷17號,121.57153371500716,25.08188428
海灘串燒屋,臺北市松山區光復北路60巷46號,121.55309791500645,25.049881083
王德福滷担坊,臺北市文山區木新路3段357號1樓,121.5534197150051,24.9802442839
外雙溪餐廳,臺北市士林區中社路1段7號,121.55791321500787,25.112022783
昇洋企業社,臺北市大安區光復南路676巷18號,121.55412061500623,25.03071638
三馬食品行,臺北市中山區龍江路394巷48號,121.53686031500705,25.067094983
月姐小吃店,臺北市中山區松江路26巷1之1號,121.53034571500646,25.04717678
貝斯特早餐店,臺北市士林區中正路235巷4號,121.52378181500758,25.094961583
臺北德芳美早餐店,臺北市信義區福德街268巷41號,121.58315031500646,25.04050298
京京小吃店,臺北市萬華區華西街26巷10弄7號,121.49587591500637,25.03767508
婕熙漢堡店,臺北市大安區建國南路2段13號,121.53613931500621,25.032772983
桃子日式小吃屋,臺北市萬華區雙園街106巷30號,121.49021601500613,25.0305123839
上林美而美早餐店,臺北市松山區新東街28之4號1樓,121.56387421500676,25.0593628839
大師兄牛肉麵,臺北市大安區金山南路2段151號,121.52444241500613,25.029349483
蘇麗秋商行,臺北市萬華區成都路10巷65號公有西門市場32號攤位,121.5046740650064,25.042451783
豐勝小吃店,臺北市中山區松江路235巷36號1樓,121.53248761500684,25.05874718
克羅西歐飲食店,臺北市大安區和平東路1段141巷9之1號,121.53542638075916,25.02502819
興發廣東燒腊店,臺北市萬華區西藏路115巷6弄7號1樓,121.50053181500608,25.028627383
翅王飲食店,臺北市南港區忠孝東路7段608號1樓,121.61330911500667,25.05291548
辰美自助餐店,臺北市南港區玉成街130號1樓,121.5807408150064,25.04501668396
鵝媽媽鵝肉店,臺北市信義區福德街179號,121.58166861500635,25.037934983
饌味香鍋貼麵食館,臺北市大安區忠孝東路3段217巷2弄2號1樓,121.5377002150064,25.0422559839
大樹下米粉湯,臺北市信義區松信路126號,121.56971641500648,25.04409988
陳文全小吃店,臺北市內湖區星雲街144號1樓,121.59312051500716,25.07993158
京義麵店,臺北市南港區昆陽街96號,121.59127821500657,25.051664183
童家小吃店,臺北市中山區天祥路40號1樓,121.51873171500682,25.061593383
大內小吃店,臺北市松山區南京東路4段133巷4弄2號1樓,121.5527937150066,25.0521353839
明心素食店,臺北市中山區雙城街10巷12號,121.5212146150069,25.064082983
牛脾氣美食坊,臺北市松山區八德路2段410巷8號1樓,121.54447381500655,25.04773438
活力站早餐店,臺北市大安區樂業街171號,121.55217071500597,25.019078383
萬鋐快餐店,臺北市信義區松德路281號,121.57255531500626,25.032508983
海山雜貨行,臺北市中山區民族東路410巷1號,121.53624891500692,25.06754428
逸青手工丸子店,臺北市內湖區內湖路1段285號西湖市場2樓79號攤位,121.56435446500723,25.08253373
添珠魠魚店,臺北市信義區松仁路245號,121.56680761500607,25.025813483
阿鴻豆花店錦州店,臺北市中山區錦州街451號,121.54117421500675,25.06031648
信義漢堡店,臺北市信義區基隆路2段131之6號,121.55464331500622,25.02773588
臺灣老哥鍋貼店,臺北市中山區南京東路3段189號,121.54000771500671,25.05211778
財旺小吃店,臺北市北投區東陽街403號,121.51544441500788,25.11247428
咱家廚房,臺北市大安區仁愛路4段300巷15之1號,121.55249351500633,25.036708883
新福園川菜餐廳,臺北市士林區至誠路2段43號,121.52641691500764,25.1015120839
宥慈元氣草本養生館,臺北市士林區大南路285巷1號,121.51693661500744,25.08868518
皇星魚翅餐廳,臺北市松山區光復北路32號2樓,121.55545421500648,25.04932388
妙芳鄰小吃店,臺北市松山區八德路2段366巷20號,121.54372431500656,25.04742198
大尾花枝美食館,臺北市內湖區內湖路1段285巷31號,121.56483061500725,25.08360998
百鳥餐廳,臺北市中山區林森北路107巷45號,121.52432521500664,25.050123083
古早人蔬菜包餐坊,臺北市大安區泰順街38號之4,121.52914921500604,25.02449568
柏穎食坊,臺北市北投區實踐街46號1樓,121.50681741500779,25.115110283
晉記刀削麵館,臺北市大安區瑞安街208巷24弄6號1樓,121.53796011500619,25.02865168
鑽翻天炸雞店,臺北市南港區成福路176號,121.58549021500636,25.04148428
味菁軒小吃店,臺北市中山區中山北路1段33巷22號1樓,121.52041371500671,25.056326683
蘭記小吃店,臺北市中正區忠孝西路1段45號,121.51569781500653,25.04635858
利利家涮涮鍋,臺北市中山區中原街132號,121.52673701500679,25.06309478
元本小吃店,臺北市內湖區內湖路1段73號,121.55827021500733,25.085044483
小白宮小吃店,臺北市士林區永公路536號,121.56528061500822,25.139629683
北大皇食坊,臺北市中山區新生北路2段58巷21號1樓,121.52450101500676,25.0554400839
嚐虹海鮮店,臺北市內湖區金龍路167號1樓,121.58655831500727,25.08669198
老屁股小廚房,臺北市中正區羅斯福路3段38號2樓,121.52310741500605,25.022948683
八膳緣商行,臺北市內湖區內湖路1段285巷69弄5號,121.56500581500731,25.08495278
梅妃小吃店,臺北市士林區大東路15之29號,121.52290731500737,25.08789798
桐安冰熱品小館,臺北市中正區同安街53號,121.51984881500597,25.024383983
廣東鴨莊,臺北市內湖區瑞光路517號,121.56714101500712,25.079184083
三好屋小吃店,臺北市文山區指南路1段88號,121.57792931500533,24.98511138
合佳美食館,臺北市中正區泉州街14號,121.5121637150061,25.027254883
鄒天母鵝雞肉店,臺北市士林區士東路100號1樓士東市場第116號攤,121.52735931500787,25.11184238
香葉泰式小館,臺北市大安區敦化南路2段172巷34號,121.54473251500606,25.023989283
飯館兒韓味快餐店,臺北市大安區龍泉街55號,121.52722381500602,25.02345858
羿瑄食品行,臺北市松山區八德路4段389巷18號,121.56637051500665,25.05000848
萬福美食屋,臺北市中正區羅斯福路4段90巷2之2號,121.53251631500585,25.01383998
光真城餐廳,臺北市中山區林森北路119巷47號,121.5244716150065,25.0504510839
越娘南洋小館,臺北市大安區敦化南路1段236巷36號,121.54635991500645,25.04044478
蘇江川小館,臺北市大安區四維路208巷6號1樓,121.54544291500595,25.0262639839
梅滿擔仔麵,臺北市北投區永興路1段51號,121.4983544150084,25.139604283
妙家庭廚房,臺北市士林區芝玉路2段48號3樓,121.53270061500787,25.111491383
真馨素食小吃店,臺北市中正區南昌路2段108號,121.51981301500605,25.025961883
維宇小吃店,臺北市信義區莊敬路406號1樓,121.56378821500617,25.02719808
巧奇茶坊,臺北市大安區瑞安街208巷27號,121.53848471500613,25.029364183
艾倫狄克森美式小吃店師大店,臺北市大安區泰順街40巷24號,121.52903941500607,25.024367483
卡瓦米歐咖啡坊,臺北市內湖區金龍路91號,121.5893622150073,25.085470483
昆陽鍋貼專賣店,臺北市南港區昆陽街150之2號,121.59197821500643,25.049197083
爵利廚坊,臺北市松山區敦化北路50巷22號1樓,121.54539951500664,25.05079818
毛毛餐飲店,臺北市內湖區新湖三路120號,121.57529111500685,25.06409218
波波小吃店,臺北市信義區嘉興街216巷17號1樓,121.55397821500621,25.02706118
浪漫滿屋食坊,臺北市文山區木新路2段109號,121.56788331500523,24.984307983
寶豐小吃店,臺北市內湖區內湖路1段323巷4弄10號,121.56536881500729,25.08270398
泰泰食品行,臺北市文山區景華街92號,121.54350071500555,24.99494448
安童小吃店,臺北市信義區嘉興街216巷3、5號,121.55426121500608,25.02684778
禾穗小吃店,臺北市南港區研究院路1段99之11號,121.61438131500653,25.052090983
雅食小吃店,臺北市信義區光復南路427號1樓,121.55558211500635,25.035973683
巷上食璞美食館,臺北市內湖區瑞光路513巷22弄15號1樓,121.56650951500716,25.080197683
娘家爌肉飯,臺北市萬華區西園路2段278號1樓,121.49208961500614,25.027569883
萊萊生鮮蔬果行,臺北市中山區大直街57巷24號1樓,121.5453493150071,25.083289983
井上小吃店,臺北市士林區天母西路41巷12號1樓,121.52508601500793,25.119004583
菜冠美商行,臺北市南港區興中路12巷25號,121.60427791500663,25.05503908
邦喬諾美食料理館,臺北市中山區長安西路19巷2弄29號,121.5182533150066,25.051182983
天府麵店,臺北市大安區光復南路290巷51號,121.55338991500639,25.03929548
三實堂小吃店,臺北市文山區景華街158號,121.5456046150054,24.996591083
威廉精選餐坊,臺北市大安區敦化南路2段63巷54弄12號,121.54917471500623,25.03050518
北平祥福樓小吃店,臺北市松山區新中街8號1樓,121.55838011500673,25.059187483
義民廟口客家美食,臺北市松山區八德路3段12巷5弄46號1樓,121.5497472150066,25.047482483
忠妹碳烤店,臺北市萬華區昆明街192號,121.5021898150064,25.041176583
伍條通手工米苔目,臺北市萬華區貴陽街2段142號,121.49951761500633,25.04010648
真好玖玖生猛海鮮店,臺北市文山區興隆路4段56號1樓,121.55885931500535,24.98564888
咖哩巴巴咖哩便當專賣店,臺北市大安區延吉街153之4號,121.55278431500638,25.04018308
達美小吃店,臺北市大安區信義路4段214號,121.54987421500631,25.03300418
皇鼎小吃店,臺北市士林區福華路166巷5號,121.52048661500777,25.104687583
疆羊大道小吃店,臺北市大安區延吉街242之1號,121.55337281500627,25.035664583
雲祥麵店,臺北市大同區大龍街85巷2號1樓,121.51400011500688,25.066367583
泰妃小吃店,臺北市信義區光復南路421巷126號,121.55828351500621,25.036024583
佳昌小吃店,臺北市內湖區文德路22巷9弄56號,121.5769251150071,25.076657083
大竹食堂,臺北市文山區羅斯福路6段9號,121.5376743150055,25.00029898398
高師傅廣東粥,臺北市士林區承德路4段40巷2號,121.51995431500723,25.080802983
臻品食品行,臺北市南港區三重路19之4號,121.61080401500676,25.058776683
嘉香美食坊,臺北市中山區林森北路494號,121.52321621500676,25.06160038
上清料理店,臺北市北投區大興街23巷21號,121.49601511500823,25.130557083
侯郈花園工作室,臺北市士林區平菁街145號,121.57076581500792,25.122151683
豪記烤鴨店,臺北市萬華區環河南路1段83號,121.49877591500642,25.044109983
金金自助餐店,臺北市松山區復興北路231巷15號,121.54332041500669,25.057089683
松隆小吃店,臺北市信義區永吉路30巷101弄16號,121.5671944150064,25.043431883
仁芳小吃店,臺北市大安區信義路2段86巷6號1樓,121.52425031500634,25.03381998
卡布羅鮮味麵小館,臺北市萬華區西寧南路90巷14號,121.50310571500634,25.042059283
巨林大龍早餐店,臺北市大同區重慶北路3段335巷48號,121.51313111500711,25.07450798
丹娜庫克飲食店,臺北市中正區羅斯福路4段42號2樓,121.53134271500585,25.015165383
阿永小吃店,臺北市大安區安東街35巷5號,121.54063551500647,25.044083783
竹村小吃店,臺北市南港區中坡北路76巷2號,121.57872031500656,25.0473429839
台北牛津麵食館,臺北市內湖區內湖路1段411巷9弄18號,121.56946771500724,25.08203628
主恩小吃店,臺北市北投區知行路256號,121.46520541500796,25.120864383
鈺膳園傳統養生美食館,臺北市信義區忠孝東路5段15巷9號,121.56348201500631,25.041776983
悅志小館,臺北市北投區中央北路4段501號1樓,121.46661801500814,25.1282724839
馬東小吃店,臺北市大安區忠孝東路4段223巷10弄4號,121.5511014150064,25.042209183
大榔頭小吃店,臺北市士林區雨聲街203之1號,121.53153971500753,25.10172888
美孚堡早餐坊,臺北市松山區新中街35之1號,121.5581434150068,25.059804283
宏玉商店,臺北市中山區復興北路72號,121.54162641500652,25.05082008
莎霏原味屋,臺北市中山區中山北路2段77巷19號1樓,121.52188401500676,25.05759118
舶爵餐坊,臺北市中山區中山北路1段135巷21號,121.52063851500661,25.05269238
禾鑫屋,臺北市士林區天母西路13巷1號1樓,121.5260569150079,25.118764883
尚豪小吃店,臺北市北投區中和街339號,121.49712941500839,25.141285383
達力涼麵店,臺北市南港區昆陽街102號,121.59132641500653,25.05150828
可兆商行,臺北市內湖區民權東路6段296巷46之1號,121.60543131500701,25.0712399839
舞鶴小吃店,臺北市松山區興安街174巷7號1樓,121.5426753150067,25.055683983
早起鳥中式早餐,臺北市北投區懷德街37號1樓,121.51712221500783,25.11223828
保吉和風食彩店,臺北市大安區和平東路1段11巷30號,121.52032131500607,25.028267883
奇異鳥餐飲店,臺北市南港區園區街6之1號,121.61138661500677,25.05916588
食尚自助餐店,臺北市中山區農安街241號,121.53239951500686,25.064792883
民俗村小吃店,臺北市中山區民生東路2段122號,121.52935131500674,25.05780878
台北雞廠小吃店,臺北市松山區市民大道5段143號1樓,121.56185411500657,25.04793418
完美的一天小吃店,臺北市北投區明德路160號1樓,121.51887481500768,25.11089968
凍未條雞肉飯,臺北市中山區民生東路1段23巷54號,121.52322601500678,25.05893828
彩雲南小吃店,臺北市松山區新中街6巷20號,121.55936341500673,25.058071583
麵佳興飲食店,臺北市中正區杭州南路1段10之1號,121.52421731500647,25.04291388
偉玲自助餐店,臺北市大安區信義路3段109之4號,121.53697271500623,25.03365838
豐富堂,臺北市信義區吳興街50巷4號,121.55782331500625,25.03083388
正家養生館,臺北市中正區忠孝東路1段108號公有華山市場2樓9號,121.52259581500643,25.044193483
荷田田素食館,臺北市內湖區內湖路1段323巷12號1樓,121.56574371500727,25.083216783
美心早餐店,臺北市大安區通安街87號,121.55111121500617,25.03021408
溥善園食坊,臺北市文山區興隆路1段14號,121.55119461500557,25.001112683
名門歌坊,臺北市中山區新生北路2段58巷43號,121.52384841500674,25.05543588
合味小吃店,臺北市松山區南京東路5段399之2號,121.56741031500663,25.05148268
犁園食品行,臺北市松山區南京東路3段256巷24號,121.54260611500662,25.05037718
珍好小吃店,臺北市大安區大安路1段157巷16號,121.54468121500636,25.037098983
吉力小吃店,臺北市中正區寧波西街2號,121.51670891500625,25.03143958
鴻圓越式河粉麵館,臺北市松山區八德路4段245巷32弄42之1號,121.56084441500658,25.049961283
怡臻小廚,臺北市信義區吳興街156巷9號1樓,121.55925471500615,25.028903983
藍天古早味餐飲店,臺北市中山區五常街53巷26號,121.5373403150069,25.067007983
橘子山小吃店,臺北市士林區平菁街93巷26號,121.57621681500822,25.13804878
禾口小吃店,臺北市北投區明德路156號1樓,121.51880801500778,25.11079488
呈季水餃專賣店,臺北市中正區牯嶺街36號,121.51427631500614,25.029871783
寶居小吃店,臺北市大安區延吉街137巷7弄2號,121.55290321500644,25.042262383
築悅餐坊,臺北市北投區東華街2段138號,121.51000201500797,25.11956928
瑾寧精緻商店,臺北市大安區敦化南路2段200巷11號,121.54545061500606,25.02295228
菲司卡飲食館,臺北市內湖區東湖路119巷50弄17號,121.615466315007,25.06952698395
阿昌麵線小吃店,臺北市文山區景美街50號,121.53945511500538,24.990598783
正慧素食館,臺北市松山區光復北路11巷66號,121.55826791500657,25.04995488
金采客家小館,臺北市士林區福華路135號1樓,121.52001671500763,25.10257628
俄蘿斯城堡餐坊,臺北市大安區羅斯福路3段333巷14號1樓,121.53034231500592,25.0174849839
金點音樂餐坊,臺北市信義區富陽街25號,121.55426731500607,25.023056983
鍵成早餐店,臺北市松山區民生東路4段97巷1弄1號,121.5497892150067,25.0583540839
虹采小吃店,臺北市文山區木柵路1段273號,121.55128551500533,24.988179383
雯永吉小吃店,臺北市萬華區和平西路3段370號,121.48967881500624,25.03529638
小李麪食專賣店,臺北市松山區新中街2之1號1樓,121.5581254150068,25.0598689839
豚馬小吃店,臺北市士林區福華路152號,121.52058531500765,25.10355518
勝興水餃店,臺北市松山區富錦街530號,121.56362941500673,25.06116508
舞衣美食館,臺北市中山區林森北路102號房屋地下層,121.52268131500662,25.050722483
飛速得早餐店,臺北市北投區石牌路1段164號,121.5112825150078,25.1143870839
阿德雷得咖啡館,臺北市中山區錦州街4巷3號,121.52134571500673,25.059755583
品味鮮美食坊,臺北市大安區信義路4段150號,121.5480543150062,25.033030783
綠薄荷麵食坊,臺北市文山區景興路274之2號,121.54018061500526,24.98994628
媽媽樂早餐屋,臺北市中山區大直街37號1樓,121.54430571500727,25.082392483
傑斯康企業社,臺北市萬華區西園路2段277號6樓,121.4900951150061,25.025353883
協益軒麵食館,臺北市大安區光復南路260巷38號,121.55354921500631,25.040355783
南西咖啡舍,臺北市中山區南京西路12巷13弄3號,121.51942631500668,25.05171998
阿春燻鵝肉專賣店,臺北市南港區研究院路2段5巷3號,121.61357661500637,25.04732238
希望園工作室,臺北市大安區羅斯福路3段269巷3號4樓,121.52902531500591,25.019090983
香草綠活力早餐坊,臺北市北投區豐年路1段2號,121.49620721500825,25.13397118
策略家整合行銷社,臺北市中山區天祥路48巷5號,121.51852281500695,25.06178418
亞品美式早餐,臺北市大安區四維路126號,121.54573431500629,25.031715683
浮士德披薩,臺北市士林區至誠路2段20號,121.5275140150076,25.102348983
清本小吃店,臺北市北投區光明路146號,121.50033101500829,25.134547983
家味便當美食坊,臺北市大安區麗水街6之1號1樓,121.5268042150062,25.033061683
川禾小吃店,臺北市士林區福華路138號1樓,121.52074381500763,25.103100483
傳承傳統小吃店,臺北市北投區立農街2段259號1樓,121.51228611500797,25.118959683
彩雲小吃店,臺北市大同區延平北路2段272巷1號,121.50891111500684,25.062151183
拉月餐飲店,臺北市信義區忠孝東路4段553巷2弄3號,121.5608041150065,25.0420395839
全記麻油雞店,臺北市中山區南京東路3段94號1樓,121.53751971500667,25.05172528
康泰小館,臺北市文山區景興路151號1樓,121.54265601500552,24.99383758
三加一商行,臺北市萬華區內江街11號西門市場54號攤位,121.50150256500645,25.04204988
佛航素食小吃部,臺北市大同區長安西路158號前棟,121.51429511500668,25.050926983
素雲川味涼麵店,臺北市松山區南京東路5段291巷39號,121.5641065150066,25.053303983
三千櫻商行,臺北市松山區南京東路3段303巷7弄5號,121.54427571500659,25.052757683
皇盛營養早餐店,臺北市大安區新生南路3段60巷2之8號,121.53138021500588,25.02000388
一宗壽司店,臺北市松山區復興北路313巷37號,121.5444550150067,25.059023883
況品小吃店,臺北市松山區民生東路3段113巷25弄23號,121.5446366150069,25.059607783
小太陽食品行,臺北市內湖區港墘路167號,121.57321651500708,25.076693683
台灣添虱目魚專賣店,臺北市中正區懷寧街88號1樓,121.51175731500646,25.04286798
背包廚房咖啡店,臺北市中正區延平南路179巷2號,121.5055498150062,25.034444283
海羊專業火鍋,臺北市士林區承德路4段29號1樓,121.52034061500724,25.08046308
享享商行,臺北市大安區安和路1段102巷23號,121.55046011500617,25.03068338
鍋巴克玖玖健康鍋,臺北市大安區羅斯福路3段283巷21號,121.52947151500594,25.01987398
蘭姐飲酒店,臺北市萬華區華西街17號,121.49635571500636,25.039016083
大力麵坊,臺北市內湖區成功路3段183號1樓,121.58854511500732,25.08017868
澳森小吃店,臺北市信義區基隆路1段190巷11號,121.56200761500637,25.042014283
幸福米蘭精緻早午餐店,臺北市北投區天母西路132之13號,121.51981831500795,25.11864398
湘古味小吃店,臺北市中山區北安路565巷1號,121.54550131500719,25.08048698
臣林早餐店,臺北市士林區士東路266巷11弄13號1樓,121.53514811500784,25.112002983
喜悅自助餐,臺北市南港區昆陽街106號,121.59135601500655,25.051470083
岩城日本料理店,臺北市松山區八德路4段245巷56弄15號,121.5617899150066,25.05088338396
新紅鍋貼店,臺北市中山區天祥路59號1樓,121.51871551500685,25.06331038
金光頭百貨行,臺北市北投區立農街2段299號1樓,121.51397471500799,25.118738483
綠色小舖,臺北市北投區致遠一路1段116號1樓,121.5129609150078,25.1100082839
滿瀚拉麵,臺北市北投區立功街80巷1號,121.46752971500808,25.125592983
好昇億小吃店,臺北市中正區延平南路157巷3號,121.50582941500627,25.03535458
璞真餐廳,臺北市北投區明德路182號1樓,121.51916081500791,25.111425183
立新豆漿店,臺北市北投區石牌路1段166巷98號1樓,121.51290101500786,25.11214788
好吉商行,臺北市大安區延吉街134號,121.55257431500641,25.039976383
金大鼎美食店,臺北市中山區龍江路164號1樓,121.53815811500668,25.05499518
溫州手工水餃店,臺北市信義區基隆路1段378之1號,121.55810731500625,25.034905983
三隻小朱餐坊,臺北市南港區昆陽街148號1樓,121.59204481500659,25.04930898
魚樂食堂,臺北市大安區臥龍街11號1樓,121.54461501500616,25.02422808
好粥到小吃店,臺北市士林區德行東路49號1樓,121.52443391500766,25.107219383
崇慧天然健康素食店,臺北市大安區安居街54號1樓,121.55166521500594,25.020182283
金牛座小吃店,臺北市中正區羅斯福路3段316巷8弄8號1樓,121.53033991500598,25.015499183
路得咖啡坊,臺北市松山區八德路3段12巷16弄2號,121.54834971500657,25.04723098
楊張嘉玲商行,臺北市萬華區內江街25號公有西門市場第46號攤位,121.50434526500634,25.0421883839
秀城鵝莊,臺北市松山區新東街7號1樓,121.56375831500674,25.057759983
大哥拉麵店,臺北市松山區南京東路4段133巷7弄10號,121.55329241500665,25.05285288
王記府城碗粿店,臺北市松山區三民路101巷2號之4,121.56118151500667,25.057531783
俊業商行,臺北市中山區北安路630巷9弄3號1樓,121.54737621500718,25.08303238
榆家小舖,臺北市文山區羅斯福路6段269號,121.53921631500552,24.99483098
辛香小吃店,臺北市中山區錦州街242號1樓,121.53169171500674,25.060180783
巧雅麵食館,臺北市萬華區西寧南路75號,121.50482971500654,25.04596498
長興小舖,臺北市大安區復興南路2段362號,121.54100151500602,25.021812083
臺灣火鍋尚好店,臺北市內湖區星雲街28號,121.58869041500708,25.07816868
御房手作企業社,臺北市中正區延平南路163巷2號,121.50555791500628,25.03506048
有財臭臭鍋店,臺北市中山區長安東路2段240號,121.54093661500661,25.04815868
蚵鮮食品行,臺北市大安區仁愛路4段48巷16號,121.54480401500632,25.03693538
雅姿小吃店,臺北市大同區延平北路2段210巷7號,121.50880431500667,25.05928898
和樂義麵屋,臺北市信義區信安街188號,121.55303991500604,25.02310408
東北金稻子餐館,臺北市中山區吉林路171號,121.52817101500673,25.05927468
韓林韓式料理店,臺北市大安區安和路2段180號,121.54783731500615,25.02518818
莫名福州乾拌麵店,臺北市中正區青島東路33之3號1樓,121.52271231500642,25.04327248
響宴美食館,臺北市信義區松德路64號,121.57400501500632,25.03863968
纖活營養早餐店,臺北市中正區南昌路1段74巷12號1樓,121.51467741500602,25.03076048
鑫旺早餐店,臺北市信義區虎林街222巷52號1樓,121.57366981500633,25.03651108
皇達小吃店,臺北市內湖區星雲街14號,121.58835891500718,25.077783883
思麥兒早餐屋,臺北市信義區富陽街92號,121.554205215006,25.02111068397
洛箕潞複合式餐飲店,臺北市內湖區內湖路1段737巷51弄1之1號1樓,121.57698421500716,25.080306883
嘉義雄雞肉飯小吃店,臺北市大同區延平北路3段61之1號,121.50898771500695,25.06571558
艾靈頓音樂餐坊,臺北市中山區八德路2段233號2樓,121.53842991500662,25.04694568
好口味台灣小吃,臺北市松山區南京東路5段123巷4弄1號,121.55876921500665,25.05260868
富馨園麵食館,臺北市大安區復興南路1段269號,121.54165881500629,25.03582568
三竹園客家小館,臺北市南港區南港路1段128號,121.61120711500668,25.05543918
茶咖商行,臺北市士林區社中街133號,121.50767031500737,25.090201983
順著號商行,臺北市中山區龍江路100巷10號,121.53769581500657,25.05246878
紅屋頂餐廳,臺北市中山區林森北路107巷47號,121.52438541500662,25.05012418
喔啦義式小吃店,臺北市中山區合江街59號,121.53706431500676,25.05720488
好人食舖,臺北市大安區敦化南路1段295巷9號,121.5469134150062,25.035467683
爵色餐坊,臺北市大安區光復南路290巷45號,121.55359921500634,25.03925278
吉季韓式小吃店,臺北市松山區民生東路3段113巷6弄13號,121.54327431500684,25.058665883
至善來旺小吃店,臺北市士林區至善路2段270號,121.5488994150075,25.10052488394
朱渱小吃店,臺北市萬華區中華路1段114巷19號2樓,121.50614801500637,25.04373668
優養小吃店,臺北市大同區承德路2段139巷23號,121.51686551500678,25.057865583
李文愛行,臺北市文山區新光路1段105號,121.57163331500551,24.991110983
麟選小吃店,臺北市北投區中央北路3段238號,121.47786081500827,25.13606638
人客人小吃店,臺北市士林區華崗路47巷9號1樓,121.53912401500827,25.13756278
蔘茸小吃店,臺北市中山區龍江路293號,121.53872801500675,25.060632683
大來小館,臺北市大安區永康街7巷2號,121.52796491500614,25.032987183
九佰碗小吃店,臺北市文山區景中街33號,121.54136921500549,24.99284428
成口香美食館,臺北市大安區和平東路2段96巷5號,121.53927361500607,25.02449878
溱鍋餐飲店,臺北市信義區莊敬路224號,121.55962881500622,25.029874683
向陽漢堡店,臺北市松山區南京東路5段61之1號,121.55725201500654,25.05173658
古摩利早餐店,臺北市信義區吳興街156巷15號1樓,121.55916771500618,25.028828883
元宸商行,臺北市松山區新東街16巷2號,121.56411901500674,25.058059383
好味道御膳庄食坊,臺北市中正區南陽街28號2樓,121.51384231500654,25.04434128
迎家食堂,臺北市松山區三民路141號,121.56088971500684,25.06062698
威里小吃店,臺北市中山區中原街114號,121.52665891500685,25.061345083
肯恩廚房,臺北市大安區信義路2段198巷6號及地下室,121.52820141500627,25.03293888
歌琳小吃店,臺北市中山區錦州街126號,121.52636111500681,25.06024808
記得商行,臺北市中山區大直街106號1樓,121.54586731500727,25.084278983
粉幸福商行,臺北市萬華區長泰街49號,121.49813921500602,25.02301568
蘋果奇岩小吃店,臺北市北投區三合街2段484號,121.49906851500819,25.12643438
時間藝術飲料店,臺北市中正區公園路20巷14號2樓,121.51433311500645,25.04507308
豪寶小吃店,臺北市南港區中坡北路60巷2號1樓,121.57874411500649,25.04681598
圓山七號美食店,臺北市大同區酒泉街10巷7號1樓,121.51757701500694,25.070377483
喬治屋咖啡工作室,臺北市大安區永康街75巷3號,121.52787701500604,25.02894798
日久阿囉哈早餐店,臺北市北投區中和街497號1樓,121.49273871500856,25.145153883
燕寶魷魚羹,臺北市士林區德行東路131號,121.52698461500778,25.10808248
寧夏鐵板燒,臺北市大同區寧夏路26號,121.51282971500657,25.05549958
香港隆騰燒腊店,臺北市中山區遼寧街42號,121.53985931500651,25.04873188
五分埔生魚片店,臺北市南港區中坡北路30巷1號1樓,121.57873921500648,25.045790783
忠孝小吃店,臺北市中正區臨沂街6巷1號1樓,121.52828831500634,25.04255748
一品佳小吃店,臺北市大同區民權西路256號,121.51018191500678,25.062723083
牙齒肉圓小吃店,臺北市文山區興隆路3段112巷2弄16號,121.55454191500557,24.99931488
幾分熟厚切牛排食坊,臺北市士林區福港街225號,121.51550421500718,25.08487778
桂姐臭豆腐,臺北市中山區龍江路193號,121.53852551500668,25.055849883
正峰早餐店,臺北市松山區寶清街32號,121.56560251500655,25.052551683
咖食堂商店,臺北市中正區八德路1段82巷9弄13號,121.56272491500665,25.05002648
灶腳自助餐,臺北市北投區中央南路1段24號,121.49919551500815,25.132693383
德益小吃店,臺北市松山區八德路4段206號,121.56199921500652,25.048726383
湘品麵食店,臺北市內湖區內湖路1段323巷4弄3號1樓,121.56559211500728,25.08285958
牡丹花日式涮涮鍋,臺北市南港區中坡南路45號,121.58147631500634,25.04298598
芝山鵝肉店,臺北市士林區德行西路95號1樓,121.51912091500768,25.10438958
可味小吃店,臺北市中山區民權東路2段2號,121.52580071500687,25.062410083
飄香小吃店,臺北市中正區忠孝東路2段134巷26號,121.52954391500637,25.04070648
御品早餐店,臺北市中山區一江街60之2號,121.52918541500675,25.054449483
多桑小吃店,臺北市士林區雨聲街185、187、189號,121.53152421500758,25.102048283
桔兔小鋪,臺北市士林區承德路4段50號1樓,121.52036721500716,25.081382083
川樂料理店,臺北市松山區南京東路5段23巷6弄8號,121.55610851500671,25.05211718
阿偉師鵝肉小吃店,臺北市萬華區漢口街2段53巷9號,121.50424191500647,25.04625968
品湘小吃店,臺北市內湖區內湖路1段411巷15號,121.56907691500714,25.0823597839
龍丼亭,臺北市文山區興隆路3段36巷10號,121.55296981500561,25.00001378
純子餐廳,臺北市中山區林森北路145巷42號,121.52429981500669,25.051109783
妍而美早餐店,臺北市中山區一江街58號,121.52922221500664,25.054342283
弁品早餐店,臺北市中山區一江街44號1樓,121.52922461500677,25.05399778
大姆指早餐店,臺北市中山區一江街24號,121.5292383150066,25.052872083
欣鮮早餐坊,臺北市內湖區康寧路1段188號,121.59276021500712,25.07867368
鳳鄉早餐店,臺北市萬華區寶興街27號,121.49076971500617,25.027844583
心中有樹素食店,臺北市信義區吳興街44之1號,121.55781261500611,25.03119588
安盛早餐吧,臺北市文山區景福街10號1樓,121.53711531500554,24.99959998
福園小館,臺北市北投區實踐街70號1樓,121.50801121500785,25.115160083
三四郎串燒,臺北市信義區松山路340號,121.57540311500645,25.041622183
晨櫻廚房,臺北市萬華區武昌街2段114之4號(2樓),121.5026885150065,25.045065683
紅厝客家小吃店,臺北市松山區八德路4段245巷32弄36號,121.56107141500652,25.04995718
錦州美而美小吃店,臺北市中山區錦州街38號,121.52302191500692,25.060208583
客滿堂小吃店,臺北市松山區八德路3段189號1樓,121.55385861500662,25.04819238
藍色小吃店,臺北市松山區八德路4段208號1樓,121.56207631500652,25.04872878
田園料理店,臺北市南港區東新街8之1號,121.58117711500655,25.04993348
弘翔實業社,臺北市大同區重慶北路1段15巷8號(4樓),121.51183371500652,25.04996958
鮨樂和酒坊,臺北市松山區長春路498號,121.5452543150066,25.054359383
川鍋魯旦茶酒菜館,臺北市中山區建國北路2段16號,121.53424491500667,25.05283618
永興早餐店,臺北市北投區永興路2段4號,121.49913431500835,25.139793983
梅花小吃店,臺北市文山區新光路1段34之1號,121.57141131500549,24.989317883
阿弟熱炒店,臺北市士林區延平北路5段280號,121.50766911500735,25.08541318
尊賢養生坊,臺北市北投區尊賢街247之6號,121.504776815008,25.11739728393
元氣食府餐館,臺北市大安區復興南路1段253巷48號,121.54338301500636,25.036704583
松禾小吃店,臺北市文山區木新路3段233號1樓,121.55678191500532,24.98114438
菊屋小吃店,臺北市文山區羅斯福路5段229號,121.53705351500572,25.00179328
朱哥小吃店,臺北市中山區錦州街30巷2號,121.52252761500675,25.060005783
憶馬當鮮美食坊,臺北市大安區和平東路2段118巷61號,121.54073271500606,25.02229168
陶之醉小吃屋,臺北市士林區中正路658號1樓,121.50543341500726,25.08652008
勝記油飯小吃店,臺北市北投區知行路316巷3號,121.465089915008,25.12265478393
米拉圖鳥花園西式餐坊,臺北市大同區重慶北路3段14號,121.5112096150069,25.064835083
福滿來小吃店,臺北市中山區農安街202號,121.53384401500693,25.064513683
臨江日式創意料理小吃店,臺北市大安區臨江街141號,121.55119521500615,25.03047318
晨光養生粥,臺北市中正區和平西路1段14之1號,121.51929681500611,25.026739583
亞克曼精緻早餐店,臺北市士林區大東路138號1樓,121.52331511500749,25.09199408394
艾比小屋美食坊,臺北市信義區吳興街156巷1號1樓,121.55888811500606,25.028685883
貴子燒腊店,臺北市松山區復興北路427巷9號,121.54270571500695,25.06343248
禾津小吃店,臺北市中山區長安東路2段220號,121.54037611500652,25.04816618
碎碎唸飲料店,臺北市內湖區內湖路1段285巷15號,121.56480501500722,25.08268338
築村壽司屋,臺北市內湖區內湖路3段85號,121.58911961500735,25.0861219839
百和餐坊,臺北市內湖區陽光街275號,121.57834071500709,25.07408048
公寓小吃店,臺北市文山區指南路2段56號,121.57325721500537,24.98760868
早登豆漿店,臺北市信義區大道路67號,121.58027631500643,25.04110398
世紀獨樹義閣工作室,臺北市松山區民生東路4段80巷1弄2號,121.55092841500674,25.05754798
黃金麵線行,臺北市松山區民權東路3段160巷15號,121.54561191500672,25.060583383
享宴小廚,臺北市內湖區東湖路106巷12號,121.61313801500681,25.06814948
敦南幸福自助餐,臺北市大安區敦化南路2段63巷47號,121.54907161500624,25.03106858
豐龍便當店,臺北市信義區莊敬路287號,121.56084461500618,25.02885948
康寧九九早餐屋,臺北市內湖區康寧路3段99巷8弄2號,121.60811011500698,25.072083283
路易仕餐坊,臺北市萬華區中華路1段76巷29之1號,121.50581401500642,25.045886383
大城美食坊,臺北市萬華區桂林路18號1樓,121.50345131500625,25.037556183
真好香菇肉羹店,臺北市北投區石牌路1段166巷129號1樓,121.51331141500769,25.116011083
老趙刀切麵,臺北市大安區信義路4段60之56號,121.54353771500618,25.03313838
煇伯鴨肉焿麵,臺北市北投區中和街355號,121.4968493150084,25.141645883
安立小吃店,臺北市信義區信義路6段104號1樓,121.5756023150063,25.035797983
小黃義大利麵,臺北市北投區立農街1段269號1樓,121.50354031500794,25.11951588
油花餐飲鋪,臺北市大安區敦化南路2段63巷53弄7號,121.54945801500622,25.031491583
好公道點心店,臺北市大安區永康街28之1號,121.52728221500615,25.030692983
義麵盒子餐坊,臺北市中山區撫順街10之2號,121.51893061500691,25.06353348
一品巧廚小館,臺北市士林區德行東路8號,121.52315191500776,25.10647698
彩杏餐廳,臺北市中山區林森北路85巷17號1樓,121.52349631500651,25.049805983
歐家宴私房菜餐館,臺北市中山區民權東路2段92巷7弄19號、21號,121.53019631500672,25.0608873839
金和壽司店,臺北市萬華區三水街99號,121.49990041500632,25.036145683
西湖黑記排骨飯,臺北市內湖區內湖路1段203巷5號,121.56148001500722,25.083974783
鴻興餃子館,臺北市大安區永康街6之6號,121.52745411500626,25.03238368
徐淮人家美食餐廳,臺北市中山區遼寧街45巷2號,121.54026911500664,25.048714583
舊莊蚵仔麵線店,臺北市南港區舊莊街1段177號,121.61937241500634,25.0393003839
全寶記燒臘店,臺北市萬華區梧州街48之1號,121.49533031500637,25.03619698
李家牛肉麵,臺北市內湖區金龍路236號,121.58425451500737,25.088491783
湘鼎坊小吃店,臺北市大安區基隆路2段184巷1號1樓,121.55098331500615,25.025192283
陳媽媽麵店,臺北市大安區延吉街138巷1號,121.55262741500644,25.039749283
台怡商行,臺北市大安區永康街37之2號,121.52739721500612,25.03071738
欣匠小吃店,臺北市大安區泰順街6號1樓,121.5292273150061,25.025717983
海味豐小吃店,臺北市萬華區內江街140之2號1樓,121.5005653150064,25.0415769839
堡國味民精緻早餐店,臺北市中正區羅斯福路3段78號,121.52413571500598,25.02198428
嘉穎小吃店,臺北市中山區民權東路2段113巷1弄1號,121.53226911500686,25.063206883
佳湘意麵小吃店,臺北市松山區塔悠路6號,121.56927311500667,25.050350883
金豪家快餐,臺北市士林區雨農路25之2號,121.53004031500755,25.098550983
雙連切仔麵,臺北市大同區民生西路213號1樓,121.51409451500663,25.05723818
巷仔內日式小吃,臺北市內湖區康寧路1段48巷10號1樓,121.58967121500709,25.07997998
元素手工漢堡專賣店,臺北市信義區基隆路2段39巷23號,121.55731241500627,25.03071528
魯士漢堡店,臺北市北投區新興路160號1樓,121.48459901500841,25.138896383
永丰小吃店,臺北市大安區信義路4段30巷7弄11號,121.54304421500618,25.032898483
酸辣粉小吃店,臺北市信義區永吉路30巷158弄1號1樓,121.56641431500634,25.0424709839
仔仔豆漿店,臺北市中山區錦州街123號,121.52663471500671,25.060463683
老炳記小吃店,臺北市中山區吉林路224號,121.52784531500664,25.059075183
大賀麵食館,臺北市大安區羅斯福路3段333巷2號(1樓),121.53034031500592,25.01715598
元佐壽司屋,臺北市內湖區康寧路1段49號,121.58984091500716,25.08042048
達酷企業社,臺北市中正區懷寧街106之1號,121.51173231500657,25.041909983
千人早餐專賣店,臺北市北投區明德路35號1樓,121.5155928150077,25.1074394839
泰和商行,臺北市信義區莊敬路206號1樓,121.55924901500616,25.030325983
鄞家小館,臺北市松山區八德路3段12巷15之1號,121.54866151500647,25.045535783
阿明餐飲工作室,臺北市松山區八德路2段373號1樓,121.5427363150065,25.047951583
就這樣早餐店,臺北市南港區成功路1段28號1樓,121.58838211500688,25.06360908
澤之屋飲食館,臺北市中正區重慶南路1段112號,121.51122741500657,25.046893083
御全壽司屋,臺北市中山區民生東路2段115巷38號,121.5293686150067,25.0598283839
船屋小吃店,臺北市南港區新民街55號,121.60961571500665,25.055745883
寶華小吃店,臺北市大安區金華街118之8號,121.52475571500614,25.029999983
寶師傅私房牛肉麵坊,臺北市大同區哈密街59巷14號,121.51345991500709,25.0744510839
錢瑾小吃店,臺北市大安區羅斯福路3段95號,121.52415911500611,25.022586083
歌詠餐坊,臺北市中山區天祥路5號地下室,121.51895641500676,25.06068568
香和牛排館,臺北市中山區長安西路40巷2弄8號,121.51799251500665,25.0498644839
亞米斯美食餐坊,臺北市大同區承德路3段229號,121.51651871500695,25.07053678
太福商行,臺北市松山區八德路3段8巷29號,121.54758951500654,25.04635428
台灣味烏龍麵店,臺北市南港區舊莊街1段3巷12弄2號,121.61598221500644,25.042332083
威緹絲商行,臺北市大安區東豐街69號1樓,121.54567011500644,25.03615568
鎮記小館,臺北市士林區天母東路8巷31弄4號,121.529819615008,25.1167684839
天璽小吃店,臺北市北投區裕民二路39號,121.51475511500799,25.11521848
鉅鼎商行,臺北市中正區市民大道1段100號台北地下街商場輕食區第22號店鋪,121.5100903751376,25.0491466358
珊蒂店,臺北市大同區錦西街53巷18號,121.51361741500686,25.06069298
亞興食堂,臺北市士林區忠義街8號1樓,121.52734581500778,25.10551048
筱芸的早餐店,臺北市中山區中山北路2段115巷23號1樓,121.52184411500681,25.06094398
麥香美早餐店,臺北市文山區興隆路3段185號,121.55798331500553,24.99604688
雍記小館,臺北市內湖區康寧路3段16巷121號,121.60757651500704,25.07115378
吉珍小館,臺北市文山區景福街11號,121.53689571500564,24.99929248
亞記越南生牛肉河粉,臺北市內湖區麗山里內湖路1段437巷4弄9號,121.5698289150072,25.0812488839
富遠商行,臺北市中正區黎明里南陽街17巷5號,121.51425211500643,25.04421878
海陸海鮮店,臺北市士林區延平北路5段77號1樓,121.50836111500723,25.0807956839
新藍鍋貼小吃店,臺北市中山區南京西路12巷15號,121.51934051500659,25.05137678
曉傑小吃店,臺北市中山區長安東路1段53巷22號,121.52604691500649,25.04811008
阿瑪翠斯廚房,臺北市松山區南京東路3段335巷15號,121.54530791500666,25.05299638
章安商行,臺北市大安區大安路1段84巷4號,121.5436983150064,25.040940583
欣欣大眾魷魚焿錦州分店,臺北市中山區錦州街241巷1弄20號,121.53249811500672,25.06064638
榮冠美食坊,臺北市中山區錦州街438號1樓,121.54072841500668,25.060030983
元第小吃店,臺北市信義區吳興街231號,121.56120271500625,25.027669183
湄賽小吃店,臺北市大安區和平東路2段118巷39號1樓,121.54079321500603,25.023252483
閔香小吃店,臺北市大安區四維路210號,121.54570881500614,25.02625918
小陶鍋精緻火鍋,臺北市北投區中央北路2段159號,121.4913323150083,25.137538983
麗萍商店,臺北市大同區延平北路2段255號,121.50916911500677,25.06243468
韓石鍋韓式料理,臺北市中正區羅斯福路3段40號,121.52311231500596,25.022941383
浣熊與愛美麗鍋貼水餃專賣店,臺北市文山區木新路2段211巷10弄11號,121.56566881500524,24.982580283
吉祥小吃店,臺北市松山區光復北路103巷8號,121.5562156150066,25.0508625839
裕佳餐飲食品行,臺北市士林區社正路50號,121.50827221500747,25.088783583
信義大道涮涮鍋,臺北市大安區信義路3段3號,121.53104261500624,25.03383808
柏亨小吃店,臺北市中山區遼寧街185巷19號,121.54117461500661,25.05339408
魚菜小吃店,臺北市松山區南京東路5段250巷5之2號1樓,121.56367631500666,25.04999898
芝香小吃店,臺北市信義區忠孝東路5段143號,121.56587781500646,25.04123088
白金小吃店,臺北市大安區安居街60巷2號,121.551462615006,25.0199467839
雷斯理廚房,臺北市大安區復興南路2段160巷11號1樓,121.54033211500622,25.027912983
漫動作咖啡館,臺北市中山區中山北路1段33巷20弄6號,121.52063851500661,25.05269238
秋的戀小吃店,臺北市中山區合江街170巷30號,121.53582581500679,25.06063598
喜樂壽司館,臺北市松山區南京東路5段123巷1弄21號1樓,121.5574897150067,25.052208383
永康三四小吃店,臺北市大安區永康街34號,121.52726181500623,25.03005588
柏騰小吃店,臺北市文山區新光路1段34號,121.57141131500549,24.989317883
林和財食品店,臺北市北投區大興街9巷3號,121.49537801500819,25.130102283
玖玖玖餐坊,臺北市中山區建國北路2段94號,121.53432281500672,25.05710038
敦煌和漢小吃店,臺北市北投區東陽街424號,121.5161264150078,25.112432983
麥灶小吃店,臺北市中山區松江路100巷9之1號,121.52960441500655,25.05115008
快樂人生小吃店,臺北市中山區中原街109號,121.52685541500682,25.061566383
東鉅美食店,臺北市中正區牯嶺街52號,121.51478721500624,25.029177283
吉鮮小吃店,臺北市中山區吉林路387號1樓,121.5282997150068,25.0654729839
梓乙香餐廳,臺北市中山區林森北路107巷9號1樓,121.52332451500656,25.050357783
老泉養生休閒農場,臺北市文山區老泉街26巷27號,121.56599611500503,24.9707206840
加洲小吃店,臺北市松山區三民路113巷5之4號,121.56102271500686,25.05795068
一知萬麵食館,臺北市中正區濟南路2段6之1號1樓,121.52977031500642,25.04009918
喜橙早餐吧,臺北市信義區忠孝東路5段703巷2號,121.57793431500646,25.042656983
滇味小館,臺北市大安區羅斯福路3段283巷8號,121.52946081500592,25.01821488
奇可店,臺北市松山區南京東路4段75巷14之2號,121.55144321500674,25.05238058
港記小吃店,臺北市中山區長安東路1段48之1號1樓,121.5253524150065,25.0483220839
松隆滷肉飯,臺北市信義區松隆路72號,121.56680451500647,25.04435108
元寶之家小吃店,臺北市松山區八德路4段72巷4號,121.55786521500654,25.04801968
真川味小吃館,臺北市萬華區康定路25巷42之1號1樓,121.5024753150064,25.04354098396
檸檬樹小吃店,臺北市中山區中山北路2段77巷8之5號,121.52280011500675,25.057187083
宸綺小吃店,臺北市文山區景美街1之1號,121.53958121500541,24.9939699839
國興小吃店,臺北市萬華區國興路2號1樓,121.5066933150062,25.0250279839
三大牛肉麵館,臺北市大同區大龍街5號,121.51385991500678,25.06336968
慶祝小吃店,臺北市松山區延壽街16號,121.56663751500682,25.057214783
巧米廚房,臺北市內湖區瑞湖街82號,121.57381731500692,25.07243368
立業餐飲店,臺北市中山區德惠街22號1樓,121.52317081500685,25.06661398
董老爹早餐店,臺北市大安區泰順街14號,121.52924361500614,25.025507383
戀旭餐坊,臺北市中山區林森北路145巷7號1樓,121.5235239150066,25.051496683
上展餐館,臺北市松山區南京東路4段199號1樓,121.55482251500659,25.05186428
耕記商行,臺北市信義區逸仙路42巷19號1樓,121.56076531500644,25.04025098
雯雯早餐店,臺北市信義區逸仙路42巷16號1樓,121.56062711500627,25.04013178
大眾牛肉麵店,臺北市中山區林森北路637號,121.523679715007,25.06730428395
懷舊企業社,臺北市南港區南港路1段216號,121.6083615150067,25.055187683
鼎膳小吃店,臺北市北投區光明路185號1樓,121.50096121500825,25.13578578
加寶多早餐店,臺北市中山區林森北路550號,121.52334541500692,25.063971183
珈珈餐飲行,臺北市中山區中原街10號,121.52654441500674,25.05630778
鍋加煲餐館,臺北市北投區裕民一路40巷13號1樓,121.51572741500786,25.116053083
萬年小吃店,臺北市萬華區西寧南路70號地下1層之27,121.50375331500649,25.043464583
壹捌零小吃店,臺北市中山區合江街180巷1號,121.53689521500685,25.06118088
一等讚小吃店,臺北市北投區尊賢街241巷2號1樓,121.50515681500794,25.11641088
火龍島極品鍋餐館,臺北市大安區復興南路1段107巷34號1樓,121.5437277150064,25.0435037839
浦騰商行,臺北市松山區市民大道4段57號,121.54417001500651,25.045370383
關渡東方美早餐店,臺北市北投區知行路210巷6號,121.46489101500798,25.11965768
新醉紅樓飲食店,臺北市大同區天水路14號2樓,121.51117021500666,25.052916383
馨緣餐廳,臺北市中山區天津街57號地下1樓,121.52119031500648,25.051029783
米堤小吃店,臺北市中山區錦州街211號1樓,121.52985651500673,25.06042028
田野餐飲咖啡館,臺北市北投區明德路157之1號,121.51879321500779,25.11101728
微笑早餐店,臺北市內湖區民權東路6段296巷48之1號,121.60554741500701,25.071187483
味美小吃店,臺北市北投區北投路2段5號,121.49712231500816,25.13043798
啡比尋茶咖啡店,臺北市大安區大安路1段83巷14號,121.54473991500633,25.040868383
兄妹族早餐店,臺北市中山區錦州街426巷1弄25號,121.54133951500678,25.05986268
一極鮮熱炒,臺北市士林區福國路95之5號,121.52020141500753,25.101571983
温古咖啡店,臺北市大安區敦化南路1段160巷16號,121.54646271500648,25.04354578
晨間漢堡屋,臺北市信義區嘉興街11號,121.55659451500621,25.032294483
彩寶冷凍食品行,臺北市南港區忠孝東路6段120號,121.58283111500651,25.04778788
福笙企業社,臺北市大安區安居街118巷19號2樓,121.549516415006,25.0190258839
來好小吃店,臺北市北投區尊賢街270號1樓,121.50483361500791,25.11765448
胡家飲食店,臺北市中正區寧波西街78號1樓,121.51411571500628,25.02992898
平程食品行,臺北市中正區南陽街20號,121.51381781500643,25.04481258
美星麵食館,臺北市中正區杭州南路1段133號1樓,121.52260851500638,25.036500483
天津自助餐店,臺北市中山區長安東路1段6之3號1樓,121.5202128150066,25.049515983
圈圈吧餐廳,臺北市文山區羅斯福路5段31之1號,121.5365075150058,25.0076936839
神佑豬腳便當店,臺北市信義區虎林街232巷63號1樓,121.57380851500626,25.035764683
花田樂野台壽司店,臺北市信義區林口街31號,121.5769509150063,25.037505983
恏吃餐飲行,臺北市大安區潮州街188號1樓,121.52812731500615,25.02821798
軒維小廚,臺北市大安區仁愛路4段112巷17號,121.5475544150063,25.036207683
何明鴨庄,臺北市信義區福德街9號,121.57676181500626,25.036193783
歡樂小坊,臺北市中山區錦州街8號地下樓,121.52146871500686,25.06023318
豪棧小吃店,臺北市內湖區內湖路1段285巷59弄1號,121.56481011500719,25.08376908
伍柒玖椒麻雞大王,臺北市內湖區內湖路1段285巷8弄5號1樓,121.5637612150073,25.0826956839
澄芯小吃店,臺北市中山區林森北路410之9號,121.52316041500671,25.05965918
萬年甜不辣專賣店,臺北市萬華區西寧南路70號地下之9,121.50359391500648,25.043574483
永美美食坊,臺北市北投區致遠二路111號1樓,121.50976441500796,25.116716283
三禾餐飲店,臺北市中山區松江路330巷69號1樓,121.52847861500679,25.061259683
京華小吃店,臺北市信義區忠孝東路5段43號1樓,121.56403831500647,25.041515883
明月湯包小吃店,臺北市大安區通化街171巷40號,121.55325091500612,25.027479883
韓舍小館,臺北市內湖區內湖路1段323巷13號,121.56594511500727,25.083584083
弄堂小吃店,臺北市松山區延吉街27號,121.55149381500647,25.046107283
延壽曹記健康粥,臺北市松山區延壽街115號,121.56290581500674,25.0570706839
五星大腸麵線店,臺北市北投區立德路64號,121.46977481500812,25.12569948
老郭川菜館,臺北市大安區麗水街6號,121.5268042150062,25.033061683
饕鍋客美食坊,臺北市大安區復興南路1段269號2樓,121.54168401500625,25.03590228
馥俐元洋食館,臺北市中山區大直街57巷17號1樓,121.5455353150072,25.083464983
九萌館,臺北市中山區林森北路138巷50號1樓,121.52146801500655,25.05172708
雞城故事店,臺北市內湖區江南街125號,121.57346161500708,25.076140783
夢樂小廚,臺北市中山區新生北路2段76巷32號,121.5240196150068,25.0574237839
狐狸野店,臺北市中山區龍江路281巷22號1樓,121.53971501500683,25.05979118
小廚櫃素食店,臺北市內湖區內湖路1段387巷3弄8號1樓,121.56871051500713,25.082331783
喬霓小吃店,臺北市大同區長安西路52巷18號1樓,121.51757391500665,25.04979838
食將王鐵板燒小吃店,臺北市內湖區成功路3段119號1樓,121.58760971500722,25.07893738
國傑小吃店,臺北市松山區新東街60巷17號1樓,121.56389931500686,25.06216528
伊巴克咖啡企業社,臺北市中山區中山北路1段138號,121.52063851500661,25.05269238
建發魷魚焿專賣店,臺北市中山區合江街81號1樓,121.53710441500674,25.05904698
六六早餐吧,臺北市北投區明德路134之1號1樓,121.51838591500783,25.11018188
文山小吃店,臺北市文山區興隆路3段257號,121.5567083150054,24.992538283
尚品豆漿,臺北市北投區新興路164號1樓,121.48457411500829,25.13876998
巧餘的早餐店,臺北市南港區園區街17號1樓,121.6087650150068,25.0589320839
米尼司早餐吧,臺北市中正區金門街9之7號,121.52209301500599,25.02249418
小毅壽司,臺北市信義區永吉路30巷101弄8號1樓,121.56701541500645,25.043424783
自然屋商行,臺北市士林區格致路8之2號1樓,121.54415931500834,25.13609898
內湖古城小吃店,臺北市內湖區內湖路1段737巷51弄1之1號,121.57698421500716,25.080306883
蒂絲手作工坊,臺北市北投區西安街2段225號1樓,121.50678131500798,25.12001698
安竣早餐店,臺北市萬華區國興路102號,121.50330471500615,25.02739508
百寶綠廚養生館,臺北市中山區長安東路1段24之1號1樓,121.5234153150065,25.048800983
卍普賢佛教文物用品企業,臺北市中山區建國北路3段113巷7弄3號(1樓),121.53366841500694,25.06682608
堤香廚房,臺北市大安區泰順街48之2號(1樓),121.52902771500597,25.023202683
台灣媳婦小吃店,臺北市信義區松德路215號1樓,121.57262931500627,25.03501988
弘林美之美小吃店,臺北市士林區永平街7號1樓,121.50292301500744,25.08995568
麗升自助餐店,臺北市松山區民生東路5段212巷1之2號1樓,121.56286821500673,25.05857238
木珍園小吃店,臺北市北投區竹子湖路33之5號,121.53259031500896,25.170587483
萬華光復饅頭店,臺北市萬華區廣州街126號1樓,121.49903561500622,25.03654718
華真素食小吃店,臺北市萬華區雙園街34號,121.49218171500625,25.02962148
大湖餐館,臺北市內湖區內湖路2段103巷76號1樓,121.5786475150072,25.0830950839
艋舺亞東甜不辣店,臺北市萬華區西園路1段56號1樓,121.4975914150064,25.039771483
真飽小吃店,臺北市士林區福榮街69號,121.52458581500753,25.0975113839
龍門港式燒臘店,臺北市中山區遼寧街18號,121.53983331500643,25.04765598
中樺豆漿店,臺北市中正區中華路2段109巷1號1樓,121.50289671500624,25.03276928
金鮮魚丸店,臺北市北投區裕民二路4號1樓,121.51488421500797,25.116425783
凱紳酒吧,臺北市中山區龍江路23號地下1樓,121.53843461500657,25.04790148
淑娥小吃店,臺北市中正區開封街1段2之48號,121.51217331500654,25.045920083
真味餐廳,臺北市中山區復興北路176號1樓,121.54172481500667,25.05401338
十全藥膳館,臺北市大安區通化街62號1樓,121.55193611500613,25.03052498
戀上健康企業社,臺北市信義區文昌街318號1樓,121.55591221500622,25.03209568
南海岸活蝦店,臺北市南港區向陽路128號、重陽路2之1號,121.59317451500668,25.05482658
古早味池上便當店,臺北市內湖區內湖路1段411巷9弄16號,121.56939791500716,25.082057883
大全鵝肉店,臺北市信義區忠孝東路5段743巷21弄4號,121.57848831500645,25.043984883
風林和食餐廳,臺北市中山區中山北路2段77巷16號1樓,121.52224591500672,25.05738498
安安海鮮店,臺北市中山區建國北路3段113巷25號,121.5339494150069,25.0674386839
根本日式料理亭,臺北市松山區新東街5號1樓,121.56375521500672,25.05778268
金佳小吃店,臺北市中山區中山北路2段183巷32號1樓,121.52211571500688,25.0636707839
禾豊小吃店,臺北市大安區復興南路2段148巷16號1樓,121.54048711500614,25.02855948
甜心小吃店,臺北市大安區和平東路3段224號1樓,121.55222001500609,25.02240838
台北早安早餐店,臺北市萬華區長沙街2段89號1樓,121.50261461500644,25.040603883
北港蔡肉羹小吃店,臺北市士林區中正路362號1樓,121.51904951500742,25.09436588
洋洋美食飲品店,臺北市士林區延平北路5段205號1樓,121.50770581500711,25.083691283
錢唐村小吃店,臺北市大安區仁愛路4段122巷48號1樓,121.54790341500627,25.034660383
房旺旺燒臘店,臺北市信義區松山路541巷15號,121.57651811500635,25.037870183
咖比咖啡店,臺北市松山區民生東路3段113巷21號1樓,121.54411841500674,25.05936858
賣三頓盒餐店,臺北市南港區研究院路2段43號1樓,121.61382001500648,25.04470268
啡熊窩冷飲店,臺北市大安區復興南路2段148巷29號1樓,121.5397503150061,25.028359883
久菜屋拉麵店,臺北市大同區塔城街53號,121.50834431500671,25.0527804839
蘋果貳零早餐店,臺北市中正區延平南路218號1樓,121.50523761500635,25.03436548
喬園海鮮熱炒店,臺北市北投區大業路512號1樓,121.49386531500828,25.13335998
敘緣小吃店,臺北市文山區新光路1段53號,121.57168031500547,24.989951883
牛棚牛肉麵店,臺北市中山區雙城街10巷7號1樓,121.52185271500683,25.06421318
麥食達韓式烤肉店,臺北市中正區懷寧街86號1樓,121.51175431500643,25.0429159839
梁家麵館,臺北市士林區至誠路2段49號,121.52615101500758,25.10141138
阿緞姐客家美食專賣店,臺北市中正區晉江街124巷2之1號,121.52328811500605,25.021901683
河內越南小吃店,臺北市內湖區成功路4段182巷6弄25號1樓,121.5910303150073,25.083700983
芝山岩牛肉麵店,臺北市士林區大南路328號1樓,121.51587871500743,25.089033183
二空眷村小館,臺北市松山區敦化北路155巷14號1樓,121.54881731500666,25.05440998
逗陣來小吃店,臺北市大安區忠孝東路3段258號,121.53959061500646,25.041440783
大筷牛肉麵店,臺北市中正區杭州南路1段79之1號1樓,121.52353911500649,25.03932628
豚太郎美食屋,臺北市大安區臥龍街13號1樓,121.54455831500611,25.02421098
四維咖啡茶飲便利屋,臺北市大安區仁愛路4段48巷10號1樓,121.54485501500635,25.037085383
仁家漢堡店,臺北市大同區承德路3段275號1樓,121.51699731500706,25.07264538
藍寶小吃店,臺北市信義區永吉路30巷167弄1號,121.56669741500647,25.0420269839
好口味豆漿店,臺北市士林區士東路266巷5弄12之4號1樓,121.53508681500796,25.112360983
闕家小館,臺北市南港區研究院路2段9之2號1樓,121.61366641500646,25.04746408
王君豪小吃店,臺北市內湖區港墘路52號1樓,121.57590381500722,25.081863183
創新音樂餐坊,臺北市大安區安和路1段139號地下1樓,121.55046011500617,25.03068338
福運餐廳,臺北市中山區南京東路3段194巷1號,121.54078691500665,25.05148678
學姊涼麵店,臺北市中山區大直街37號1樓,121.54430571500727,25.082392483
圓環小吃店,臺北市大同區重慶北路2段69號1樓,121.51201501500667,25.055840483
美呈飲食店,臺北市信義區永吉路382號1樓,121.57521031500644,25.04528598
大北小吃店,臺北市北投區光明路新生巷6號1樓,121.49959251500817,25.13291958
國際大旅舘,臺北市北投區湖山路1段7號,121.54573871500855,25.15201268
漾館溫泉商旅,臺北市北投區溫泉路63號1至4樓,121.50247851500836,25.135223483
金湯品企業社,臺北市松山區民生東路5段198號11樓之10,121.56223891500674,25.05862778
禹銨焢肉飯,臺北市萬華區康定路3號,121.50125621500639,25.046122083
長春藤小吃店,臺北市大安區永康街2巷11號1樓,121.52709521500624,25.033270483
東來順餃子館分店,臺北市大安區敦化南路1段190巷45號1樓,121.54494621500642,25.042408983
梅村大衆食堂忠孝東路分店,臺北市大安區忠孝東路4段216巷32弄6號1樓,121.55047611500633,25.03981248
山之林溫泉餐館,臺北市北投區行義路402巷15號,121.52743131500839,25.141604983
百齡自助餐店,臺北市士林區福港街139號1樓,121.5158943150073,25.0877996839
王絹小吃店,臺北市北投區紗帽路16之3號,121.52930531500857,25.147114983
益全餐廳,臺北市北投區中央北路4段547號,121.46538151500827,25.12765988
儐城小吃店,臺北市北投區中和街254號1樓,121.4986925150083,25.140000683
酷鎷企業工作坊,臺北市中正區北平東路24號2樓之5,121.52293791500644,25.045877983
越之鄉美食館,臺北市北投區石牌路1段154號,121.51099641500785,25.114242483
穿石甜點空間坊,臺北市中山區中山北路2段183巷4之1號1樓,121.52102961500688,25.06367348
瑞豐小吃店,臺北市中山區長安東路1段73號1樓,121.5255683150066,25.048504983
微笑實業,臺北市北投區三合街2段489號,121.49882301500807,25.126016883
左岸複合式餐廳,臺北市大同區南京西路410號10樓之1,121.50747101500662,25.053204683
陳林雅貞小吃店,臺北市松山區八德路3段158巷1之2號,121.55308611500652,25.047597783
陳記豬肝湯,臺北市大安區復興南路1段253巷46號(1樓),121.5433440150063,25.03670678397
度一生小吃店,臺北市松山區撫遠街379巷3號1樓,121.56383371500682,25.06444678
老德記小吃店,臺北市中正區八德路1段82巷9弄3號,121.56272491500665,25.05002648
佳園韓式料理店,臺北市中正區中華路2段311巷20號,121.50409401500622,25.02861268
披薩阿姨的屋,臺北市中正區濟南路2段48巷5之5號(1樓),121.52888951500636,25.039497683
東方霸牛肉麵店,臺北市中正區杭州南路1段57號,121.52379561500645,25.04055318
喜捨素食小吃店,臺北市松山區光復南路6巷15號1樓,121.55501961500656,25.047644583
新明老爹牛肉麵店,臺北市松山區八德路3段12巷5弄22號1樓,121.54910051500659,25.04757268
廣友國際商行,臺北市信義區基隆路1段350號1樓之5,121.55918011500637,25.036443083
季風商號,臺北市文山區指南路2段46號1樓,121.5730119150053,24.987685083
采石軒韓式料理,臺北市松山區南京東路5段251巷22弄33號,121.56202531500661,25.05192718
開開心心餐飲店,臺北市內湖區民權東路6段296巷38之3號地下,121.604970315007,25.07173188395
崧坂火鍋店,臺北市內湖區內湖路1段65號,121.5580934150073,25.084984583
東陽微笑早餐店,臺北市北投區東陽街476號1樓,121.5178051150078,25.11212218393
和風小吃店,臺北市北投區竹子湖路56之8號,121.5309990150092,25.175852683
鐵一企業社,臺北市內湖區民權東路6段68號,121.58282761500693,25.068651083
黃龍莊小吃店,臺北市中正區牯嶺街43號,121.51441151500629,25.02999978
滿座小吃店,臺北市中山區民生東路3段82號,121.5395869150067,25.0576102839
米黎時尚生活會館,臺北市信義區基隆路1段149號,121.56332241500644,25.04248008
牛之鬼小吃店,臺北市中山區龍江路356巷28號,121.53754371500689,25.06587708
民石小吃店,臺北市中山區民生東路3段74號,121.53926141500682,25.057635683
莊家切仔麵,臺北市北投區致遠二路119號,121.51012901500786,25.11699848
潘家老牌牛肉麵,臺北市中山區遼寧街48之1號1樓,121.53986791500664,25.049127983
默引商行,臺北市大安區溫州街48巷2號1樓,121.5307120150061,25.0213662839
林初子商行,臺北市大安區泰順街16巷36號,121.52722231500611,25.025230983
肥老吉羊肉羹麵店,臺北市中山區吉林路26巷28號,121.52692931500663,25.05140778
愛家麵館,臺北市南港區舊莊街1段11號1樓,121.6155758150064,25.041870483
法斯特餐飲坊,臺北市士林區士東路266巷3弄12之1號,121.53510271500787,25.112715083
石之海餐廳,臺北市中山區林森北路119巷45號(1樓),121.52442271500654,25.050467083
秀明早餐店,臺北市文山區秀明路2段112巷14號,121.57373291500545,24.990430383
香讚薑母鴨小吃店,臺北市松山區健康路278號1樓,121.56254031500666,25.053961983
三榕商號,臺北市北投區立農街2段293號,121.51369091500796,25.118766483
拾壹餐飲店,臺北市信義區忠孝東路4段553巷12號,121.56071031500649,25.04255668
佳品小吃店,臺北市松山區八德路3段86號,121.55103461500664,25.047977383
鑫櫃企業社,臺北市中山區松江路194巷5號1樓,121.53031771500666,25.057222383
宇杰餐廳,臺北市中山區民生東路2段8號(2樓),121.52591631500675,25.05784118
傳奇麵線店,臺北市中山區中山北路2段128巷36號,121.51892691500676,25.061731983
友之城早餐店,臺北市松山區敦化北路222巷54號,121.54471901500675,25.06009508
西門魚河岸小吃店,臺北市萬華區開封街2段56號,121.50505151500643,25.046424583
日鑫火鍋店,臺北市中山區四平街19號1樓,121.52894821500665,25.05374438
幸福八十號美味早餐店,臺北市文山區景華街90號,121.54348671500547,24.99505858
禾善素食自助餐店,臺北市中山區農安街239號,121.53232621500688,25.064795283
常夜燈小吃店,臺北市大安區濟南路3段58號,121.53447341500633,25.04003778
巴西里小館,臺北市內湖區金湖路24號1樓,121.59413731500725,25.083067983
鮮味福州小吃店,臺北市北投區知行路260巷10號,121.46540621500792,25.12089678
晴光和風咖哩小吃店,臺北市中山區雙城街10巷21號,121.52161471500683,25.06425008
郁香花蓮扁食,臺北市大同區延平北路3段43之1號,121.50902391500694,25.064915283
哨長食堂,臺北市內湖區內湖路1段591巷10弄2號,121.57091991500712,25.081458883
饗樂牛排館,臺北市中山區長安東路2段35之1號1樓,121.52940971500648,25.04856508
和榮小吃店,臺北市大安區復興南路2段340巷7號1樓,121.54043791500594,25.02278358
奕楓義麵屋,臺北市北投區石牌路2段68巷19號1樓,121.51461231500775,25.116371783
韓一村小吃店,臺北市信義區莊敬路430號,121.56454731500607,25.02699988
順水推粥坊,臺北市士林區美崙街63號,121.51999371500754,25.096989783
甄福記烤鴨餐廳,臺北市松山區健康路3巷2號1樓,121.55014331500654,25.05234868
立德咖啡店,臺北市松山區延壽街139號,121.56177451500668,25.05698978
吉慶商行,臺北市北投區實踐街48巷7號1樓,121.50712471500778,25.11473978
元碩商行,臺北市中山區建國北路2段186巷25號1樓,121.53274541500677,25.05962588
雅晶餐廳,臺北市中山區中山北路1段135巷33之1號1樓,121.52041371500671,25.056326683
二毛餃子館,臺北市信義區虎林街121巷4號1樓,121.57493631500654,25.04023068
蝶戀閣,臺北市萬華區三水街129號2樓,121.49589681500628,25.03620448
甜蜜李水果行,臺北市松山區民生東路3段130巷4號1樓,121.54394561500668,25.05695228
欣琳小吃店,臺北市松山區光復北路169號1樓,121.55336831500672,25.05752388
禾記小吃店,臺北市內湖區大湖山莊街219巷5號,121.59738731500737,25.08838298
時尚曼谷小吃店,臺北市士林區大東路54號,121.52329031500729,25.08974998
蔬河商號,臺北市大安區延吉街129巷2號,121.55283081500644,25.04293948
川郎活蟹名店,臺北市中山區吉林路142號,121.52778541500668,25.055823483
幸福三明治專賣店,臺北市士林區福港街11號1樓,121.51596531500738,25.091370983
赫赫食堂,臺北市大安區和平東路2段118巷54弄13號1樓,121.54007431500611,25.022029483
盈賓食坊,臺北市中正區延平南路171巷5號,121.50573341500633,25.03487688
艾芬妮咖啡店,臺北市松山區三民路108號1樓之35,121.56179301500666,25.057738483
棗點小翠商行,臺北市中山區北安路573巷15號1樓,121.54543771500715,25.08147178
滾金商行,臺北市中山區建國北路2段24號,121.53419171500653,25.053067183
橘辰餐酒館,臺北市信義區和平東路3段207巷2號,121.55170691500606,25.02372698
一個銅板創意美食坊,臺北市中山區天祥路61巷6號1樓,121.51895931500687,25.063305983
紅屋小吃店,臺北市南港區南港路1段170號,121.60963431500673,25.055397483
簡單說小吃店,臺北市大安區光復南路554號,121.5551188150063,25.034567683
建忠牛肉麵店,臺北市信義區莊敬路423巷8弄2號,121.56494361500607,25.02846678
康誠實業社,臺北市文山區新光路1段48號,121.57142731500528,24.989850983
鮮彩蔬食小吃店,臺北市中山區松江路362巷25號(1樓),121.53000611500687,25.06199428
珊園關渡小吃店,臺北市北投區中央北路4段491號,121.46688561500814,25.12838498
學勤商行,臺北市大安區和平東路2段118巷71號,121.54071941500607,25.021813783
七匹狼餐飲店,臺北市信義區虎林街11號,121.57383541500653,25.04895528
大堡商號,臺北市萬華區漢中街150號,121.50455721500649,25.041404783
大田廚房,臺北市大同區重慶北路3段217號,121.51181521500698,25.0703463839
韋涵小吃店,臺北市文山區木新路3段58號,121.56176891500522,24.982578783
鈴裕担仔麵,臺北市中山區興安街55之1號,121.53965721500681,25.056262083
御喬庭園餐飲店,臺北市文山區政大二街47號,121.5816012150053,24.98690898399
鮮王小吃店,臺北市松山區民生東路4段62號,121.54974231500665,25.057805983
丸田餐飲生活館,臺北市士林區中山北路5段505巷27號,121.52501931500734,25.09311108
協信企業社,臺北市中正區仁愛路2段11號2樓,121.52435461500637,25.038536483
龍慶商行,臺北市中正區仁愛路2段11號2樓,121.52435461500637,25.038536483
千戶厚片牛排店,臺北市松山區新東街6巷2號,121.56410381500665,25.057346983
祥益健康素食館,臺北市南港區成福路22號,121.58387641500646,25.045500983
龍香珍快餐店,臺北市中正區公園路20巷15號1樓,121.51478411500639,25.04523218
烤狀元企業社,臺北市松山區南京東路5段123巷6弄1號1樓,121.55878461500666,25.0530482839
時食商行,臺北市中山區民生東路2段127巷17號,121.53016321500675,25.05956798
賀華名家燒臘店,臺北市中正區紹興南街5之4號,121.52281131500641,25.04361108
老朋友小吃店,臺北市大安區安和路2段36號,121.55006021500606,25.03153178
國賓鹹粥店,臺北市萬華區成都路91號1樓,121.50247231500644,25.04318298
御膳園小吃店,臺北市士林區通河街17號1樓,121.52117411500727,25.08005468
湘平小館,臺北市萬華區環河南路2段199號,121.48960911500622,25.03218868
老徐現宰黃牛肉店,臺北市中山區合江街126號1樓,121.53693591500677,25.059403283
王品小吃店,臺北市松山區南京東路4段111號,121.55259621500662,25.051872483
大熊牛排館,臺北市中山區錦州街397號,121.53920931500681,25.06035508
豊禾小吃店,臺北市大安區敦化南路2段63巷57號,121.54946961500616,25.03100658
這義家義大利麵,臺北市信義區吳興街281巷7號1樓,121.56233161500613,25.02662188
紅杯子商行,臺北市中山區明水路553號,121.54989071500724,25.07903148
昌吉大鼎小吃店,臺北市大安區光復南路456巷29號,121.55398711500622,25.03510098
台越早餐店,臺北市中山區民生東路3段86之1號,121.53985181500677,25.05758468
余記雲泰小吃店,臺北市中山區南京東路2段115巷3弄4之1號1樓,121.53173901500662,25.05332498
高麗屋,臺北市信義區虎林街132巷37號1樓,121.5733392150064,25.040198683
韓來餐廳,臺北市中山區吉林路26巷11號1樓,121.52734561500654,25.05151568
神旺商行,臺北市中山區龍江路277號,121.53867401500666,25.0596910839
黑岩之家,臺北市中山區新生里錦州街195號,121.52929621500681,25.060424583
東輝韓食館,臺北市中山區松江路259巷29號1樓,121.53240151500681,25.05963078
社子魷魚羹,臺北市士林區中正路586巷19號,121.5076903150073,25.087609183
竹林飲食店,臺北市萬華區中華路1段114巷9號(1樓),121.50699851500652,25.046331883
安鼎生機坊,臺北市內湖區內湖路1段705號,121.5752497150071,25.0797029839
棋樂無窮商行,臺北市中山區錦州街185號(1樓),121.52899511500686,25.06039678
悅心緣素食坊,臺北市北投區自強街5巷163號,121.5082114150079,25.1127822839
大有豐萃餐飲店,臺北市中山區林森北路133巷76號,121.52517201500646,25.050672183
阮家廚坊,臺北市松山區敦化北路222巷33號,121.54518031500682,25.059960883
麗味庭食品商行,臺北市南港區成福路20號,121.58382131500653,25.04558278
三品商行,臺北市北投區裕民一路12號,121.51434201500781,25.1166054839
酒加菜小吃店,臺北市北投區中央北路2段56號1樓,121.49284731500828,25.13723098
李記甜品坊,臺北市內湖區江南街123號,121.57366851500718,25.076191783
上鼎豐小籠湯包店,臺北市大安區瑞安街268號,121.53705531500619,25.026366783
韓之鄉餐廳,臺北市松山區敦化北路155巷6號1樓,121.54815631500662,25.05443598
傳家之包小吃店,臺北市內湖區內湖路1段285巷65弄9號,121.56518881500725,25.08442928
意記客家魷魚焿,臺北市中正區汀州路3段289號1樓,121.53349191500574,25.01211198
眷三代生活小站,臺北市萬華區國興路84號1樓,121.5039541150061,25.0266693839
蕎萁早餐店,臺北市北投區中央北路1段144號,121.49661031500833,25.135396983
富寬小吃店,臺北市大安區延吉街166號,121.55278401500641,25.038976283
慢步調咖啡館,臺北市大安區忠孝東路3段251巷1弄1號,121.53959491500639,25.042117383
三代小吃店,臺北市大安區復興南路1段293號,121.54177591500624,25.03524688
智允餐飲,臺北市中山區南京東路3段216巷4號1樓,121.54117771500653,25.051389283
喜麥堡樂活小吃店,臺北市中山區錦州街314號,121.53554211500668,25.060154883
東門傳統整復推拿館,臺北市中正區連雲街75號1樓,121.52806531500636,25.03446598
馥田小吃店,臺北市中山區遼寧街40號,121.53985221500659,25.048716283
湘野小吃店,臺北市北投區明德路86號,121.51747521500775,25.10936028
裕妹早餐店,臺北市中正區信義路2段161巷3號,121.5267940150063,25.034226183
宜香自助餐店,臺北市內湖區內湖路2段393號1樓,121.59061391500734,25.084126783
得魚餐坊,臺北市文山區木柵路3段48巷1弄1號,121.56327671500536,24.98774218
杰立小吃店,臺北市內湖區江南街87號,121.57486891500717,25.076879483
亭羽餐坊,臺北市信義區莊敬路359號,121.56254211500612,25.027860683
家傳味企業社,臺北市北投區中央北路4段481號,121.46719951500816,25.128511183
裕民便當店,臺北市內湖區內湖路1段443號,121.5700998150072,25.081329483
石鼎先火鍋店,臺北市文山區興隆路2段220巷14號1樓,121.55002841500567,25.000797883
貝莉義式餐廳,臺北市內湖區文德路22巷44弄20號,121.57856621500713,25.07666198
沐鈺情餐坊,臺北市中正區牯嶺街95巷3號,121.51696951500594,25.02612818
麵匠坐坊,臺北市中山區中山北路1段55號,121.52063851500661,25.05269238
芮禾小吃店,臺北市中山區德惠街52號,121.52491261500687,25.066541483
港龍池上飯包店,臺北市內湖區港墘里港墘路153號1樓,121.57341671500721,25.07720838
廖家古早味小吃店,臺北市文山區景華街83號,121.54358761500555,24.995358983
如臻壽司專賣店,臺北市大安區仁愛路4段71巷28號1樓,121.54513541500651,25.040145183
甲堡早餐店,臺北市松山區八德路3段74巷47號,121.55039841500646,25.046026283
花花姐姐工作坊,臺北市文山區萬隆街47號、47之2號1樓,121.53470711500563,25.00070368
酒膳家庭料理,臺北市中山區錦州街241巷1弄2號1樓,121.5317034150067,25.06077198395
幸福屋,臺北市內湖區內湖路2段396號,121.5894559150072,25.0827896839
海福岡料理店,臺北市大安區四維路170巷31號,121.54455441500625,25.0283859839
大江南北小吃店,臺北市中山區新生北路2段149巷40號1樓,121.52704981500683,25.06193368
森之豆早餐吧,臺北市大安區和平東路2段175巷30號,121.53955031500608,25.026638783
巷子口餐飲店,臺北市大安區安和路2段35巷1號,121.55050331500611,25.03181968
大方咖啡簡餐店,臺北市大同區重慶北路1段89之1號2樓,121.51215381500664,25.05296878
水星球潛水餐飲店,臺北市內湖區民權東路6段228號,121.59772301500689,25.06659158
達正小吃店,臺北市中山區松江路441號,121.53123931500689,25.06084878
大師牛肉麵,臺北市內湖區文湖街47號5樓,121.55984631500732,25.086806783
一直是晴天咖啡館,臺北市信義區忠孝東路4段553巷2弄5號,121.56084881500637,25.042029083
福德王記食品行,臺北市信義區福德街26號1樓,121.5773793150063,25.036569883
華馨小吃店,臺北市中正區開封街1段25號1樓,121.51205391500655,25.04586058
蝦一跳活蝦專業料理店,臺北市萬華區和平西路3段207號,121.4948969150063,25.035489883
卡賀廚房早餐店,臺北市北投區義理街17號,121.51292821500796,25.11650208
巧沛東方美早餐店,臺北市松山區民權東路3段160巷9號(1樓),121.54568071500682,25.06075338
得意排骨大王小吃店,臺北市中山區錦州街400號,121.53921511500674,25.06005478
丸林魯肉飯小吃店,臺北市中山區農安街105、107號,121.5270572150069,25.0649735839
達客咖啡館,臺北市大安區信義路4段307號,121.55332541500624,25.03327138
李家粥品店,臺北市大安區通化街171巷37號,121.55344031500607,25.027735783
柔誠商行,臺北市信義區永吉路30巷27號,121.5667226150066,25.0447878839
上席小館,臺北市信義區富陽街83號1樓,121.55444021500603,25.02138198
辛殿飲食店,臺北市中山區松江路129之4號,121.53111791500656,25.05384338
三兄弟餐廳,臺北市中山區農安街233號,121.53206991500689,25.06478168
冠鼎雞肉飯,臺北市中山區錦州街252號1樓,121.5321153150068,25.060212483
紅油麵食館,臺北市大安區信義路3段103號,121.53660431500626,25.033704983
造飛雞美食館,臺北市中山區復興北路380巷6弄17號,121.5415463150068,25.060513983
萬香烤鴨莊,臺北市中正區重慶南路3段1號,121.51330981500618,25.02961838
雅士集單身貴族水餃店,臺北市中山區中山北路1段53巷12號4樓之1,121.52063851500661,25.05269238
一荷軒,臺北市文山區羅斯福路6段46號,121.53762581500561,24.999283683
正芯加熱滷味,臺北市文山區新光路1段81號,121.57163031500536,24.99057088
老爺麵店,臺北市北投區中央北路4段517號,121.4661387150081,25.128057883
早安快來商店,臺北市北投區致遠一路1段1號1樓,121.51544421500776,25.107540083
逆月小吃店,臺北市大同區重慶北路1段83巷8號1樓,121.51229631500667,25.052663883
吳記南京板鴨店,臺北市中正區羅斯福路2段44號1樓,121.51927821500615,25.027986583
星華鍋物小吃店,臺北市中山區長安東路2段168號1樓,121.53770821500648,25.04817658
朝元小吃店,臺北市大安區東豐街63號1樓,121.54543921500637,25.036158783
佳慶小吃店,臺北市北投區中央北路4段523號,121.4660042150082,25.127988983
開封府投注站,臺北市中正區博愛路36之3號,121.50902271500664,25.046119983
龍美園小吃店,臺北市松山區三民路108之2號、108之3號、108之4號、108之5號、108之6號、108之7號、108之8號、108之22號,121.56163531500674,25.057755533
阿力的搖滾廚房,臺北市松山區富錦街498號,121.56185831500676,25.060877983
鋼鐵人廚房小吃店,臺北市中正區八德路1段82巷9弄7號,121.56272491500665,25.05002648
美美大腸麵線,臺北市北投區致遠一路1段132號1樓,121.51268241500775,25.11050478
川麻子餐館,臺北市中山區松江路313巷22號,121.5325504150068,25.0617328839
快樂早餐坊,臺北市大同區承德路2段37巷19號1樓,121.51697681500673,25.05493818
金匙奶品店,臺北市中正區青島東路3之2號,121.52392211500653,25.043058083
星月文創工作室,臺北市大安區瑞安街256巷2號1樓,121.53724241500609,25.026825983
雪球客實業社,臺北市大安區復興南路2段331號,121.54156651500614,25.02382858
松竹屋小吃店,臺北市文山區羅斯福路5段218巷19號1樓,121.53557411500563,25.00199938
無盡藏餐飲,臺北市內湖區文德路22巷27弄7號,121.57745061500715,25.076714983
全麻吉餐坊,臺北市中山區中山北路2段65巷18-1號1樓,121.52227661500683,25.056920883
盛億企業社,臺北市大安區敦化南路2段63巷50號1樓,121.54916881500618,25.03083608
夜酌小吃店,臺北市大安區忠孝東路4段223巷63號,121.55071131500631,25.04360678
媽媽米亞餐飲店,臺北市大安區和平東路3段1巷27號1樓,121.54466271500613,25.025767283
照起工早餐店,臺北市大安區永康街12之1號,121.5272503150062,25.031369883
津生小吃店,臺北市中山區龍江路342巷25號,121.53732531500687,25.06565198
醇香餐飲店,臺北市中山區遼寧街48之1號,121.53986791500664,25.049127983
安字號工作室,臺北市中山區安東街18號1樓,121.54002481500655,25.04510358
福來得小吃店,臺北市信義區信義路4段413之1號,121.55675831500618,25.03338598
水柚小吃店,臺北市中山區龍江路55巷8號,121.53871371500675,25.049498683
三五水餃專賣店,臺北市中山區民生西路17號1樓,121.51930101500668,25.057895283
鱻醉坊,臺北市士林區中山北路6段275號,121.52310401500775,25.110006783
知味家小吃店,臺北市大安區敦化南路2段63巷36號,121.54870641500618,25.030822583
西門靖小吃店,臺北市萬華區武昌街2段122號,121.50180101500654,25.045232283
穠舍田園小吃店,臺北市內湖區碧山路38號,121.58638281500765,25.100261383
吉力商行,臺北市松山區民生東路5段69巷17號,121.55588931500692,25.059518983
九鬼魚屋,臺北市信義區吳興街269巷12號1樓,121.56226561500604,25.027022883
源盛小吃店,臺北市大同區歸綏街233號,121.5088533150067,25.058356983
食義義式廚房,臺北市中山區南京東路3段216巷3之1號1樓,121.54139221500667,25.051496883
